sample_id,split,input_json,expected_performer,expected_evidence,expected_mixed_lanes,label_status
T15-001,dev,"{""row_text"":""Đóng popup, nạp chứng từ gốc vào vùng ①, kế thừa toàn bộ dòng hàng sang bảng Dòng hàng trên hoá đơn theo quan hệ một–một, dựng khối Hoá đơn của chứng từ với một tờ hoá đơn và bốn ô nhà cung cấp lấy sẵn từ hồ sơ nhà cung cấp của chứng từ gốc, điền sẵn Diễn giải theo số chứng từ gốc, và hiện thông báo nêu số dòng hàng đã kế thừa (BR-06, BR-08, BR-09)"",""subject"":{""text"":""Hệ thống"",""resolution"":""generic""},""substeps"":[{""step_key"":""32f1a723eba2:1"",""quote"":""kế thừa toàn bộ dòng hàng sang bảng Dòng hàng trên hoá đơn theo quan hệ một–một"",""operation"":null,""object_labels"":[]}],""members"":[{""id"":""pmkt_frontend"",""name"":""PMKT (Front-end)"",""tier"":""client"",""description"":""Giao diện website và các màn hình nghiệp vụ cho người dùng""},{""id"":""pmkt_core"",""name"":""PMKT (Core)"",""tier"":""server"",""description"":""Xử lý logic nghiệp vụ, lưu dữ liệu, hạch toán và tích hợp""}],""hints"":{}}",pmkt_core,object,false,spec_confirmed
T15-002,eval,"{""row_text"":""Thực hiện kiểm tra thông tin thụ hưởng và hiển thị tên người thụ hưởng cho KH"",""subject"":{""text"":""VCB Digibank"",""resolution"":""combined""},""substeps"":[{""step_key"":""a5532dc12e75:2"",""quote"":""Thực hiện kiểm tra thông tin thụ hưởng"",""operation"":null,""object_labels"":[]}],""members"":[{""id"":""vcb_mobile"",""name"":""VCB Digibank Mobile"",""tier"":""client"",""description"":""Giao diện ứng dụng mobile cho khách hàng""},{""id"":""vcb_server"",""name"":""VCB Digibank Server"",""tier"":""server"",""description"":""Xử lý nghiệp vụ giao dịch và điều phối các hệ thống liên quan""}],""hints"":{}}",vcb_server,verb,false,spec_confirmed
T15-003,eval,"{""row_text"":""Thực hiện kiểm tra thông tin thụ hưởng và hiển thị tên người thụ hưởng cho KH"",""subject"":{""text"":""VCB Digibank"",""resolution"":""combined""},""substeps"":[{""step_key"":""a5532dc12e75:3"",""quote"":""hiển thị tên người thụ hưởng cho KH"",""operation"":null,""object_labels"":[]}],""members"":[{""id"":""vcb_mobile"",""name"":""VCB Digibank Mobile"",""tier"":""client"",""description"":""Giao diện ứng dụng mobile cho khách hàng""},{""id"":""vcb_server"",""name"":""VCB Digibank Server"",""tier"":""server"",""description"":""Xử lý nghiệp vụ giao dịch và điều phối các hệ thống liên quan""}],""hints"":{}}",vcb_mobile,verb,false,spec_confirmed
T15-004,eval,"{""row_text"":""Thực hiện xác thực giao dịch cho khách hàng, hạch toán tài giao dịch, thông báo kết quả cho KH qua OTT và email, đồng thời hiển thị màn hình kết quả giao dịch"",""subject"":{""text"":""VCB Digibank"",""resolution"":""combined""},""substeps"":[{""step_key"":""1c80e5297a6a:4"",""quote"":""hiển thị màn hình kết quả giao dịch"",""operation"":null,""object_labels"":[]}],""members"":[{""id"":""vcb_mobile"",""name"":""VCB Digibank Mobile"",""tier"":""client"",""description"":""Giao diện ứng dụng mobile cho khách hàng""},{""id"":""vcb_server"",""name"":""VCB Digibank Server"",""tier"":""server"",""description"":""Xử lý nghiệp vụ giao dịch và điều phối các hệ thống liên quan""}],""hints"":{}}",vcb_mobile,verb,false,spec_confirmed
T15-005,eval,"{""row_text"":""Thực hiện xác thực giao dịch cho khách hàng, hạch toán tài giao dịch, thông báo kết quả cho KH qua OTT và email, đồng thời hiển thị màn hình kết quả giao dịch"",""subject"":{""text"":""VCB Digibank"",""resolution"":""combined""},""substeps"":[{""step_key"":""1c80e5297a6a:5"",""quote"":""thông báo kết quả cho KH qua OTT và email"",""operation"":null,""object_labels"":[]}],""members"":[{""id"":""vcb_mobile"",""name"":""VCB Digibank Mobile"",""tier"":""client"",""description"":""Giao diện ứng dụng mobile cho khách hàng""},{""id"":""vcb_server"",""name"":""VCB Digibank Server"",""tier"":""server"",""description"":""Xử lý nghiệp vụ giao dịch và điều phối các hệ thống liên quan""}],""hints"":{}}",vcb_server,context,false,spec_confirmed
T15-006,dev,"{""row_text"":""Mở webview ID Safe"",""subject"":{""text"":""Hệ thống"",""resolution"":""generic""},""substeps"":[{""step_key"":""4c491ddfa373:6"",""quote"":""Mở webview ID Safe"",""operation"":null,""object_labels"":[]}],""members"":[{""id"":""pmkt_frontend"",""name"":""PMKT (Front-end)"",""tier"":""client"",""description"":""Giao diện website và các màn hình nghiệp vụ cho người dùng""},{""id"":""pmkt_core"",""name"":""PMKT (Core)"",""tier"":""server"",""description"":""Xử lý logic nghiệp vụ, lưu dữ liệu, hạch toán và tích hợp""}],""hints"":{}}",pmkt_frontend,verb,false,needs_domain_review
T15-007,dev,"{""row_text"":""Điều hướng theo số doanh nghiệp người dùng thuộc về; ; * ĐÚNG 1 doanh nghiệp (đa số): vào thẳng không gian làm việc, KHÔNG hiện màn chọn. KẾT THÚC.; * TỪ 2 doanh nghiệp: hiển thị MH-DN-02, doanh nghiệp gần nhất đứng đầu; người dùng chọn → vào không gian làm việc. KẾT THÚC.; * CHƯA có doanh nghiệp nào: tiếp Bước 6"",""subject"":{""text"":""Hệ thống"",""resolution"":""generic""},""substeps"":[{""step_key"":""7b2ade23e0e8:7"",""quote"":""* TỪ 2 doanh nghiệp: hiển thị MH-DN-02, doanh nghiệp gần nhất đứng đầu"",""operation"":null,""object_labels"":[]}],""members"":[{""id"":""pmkt_frontend"",""name"":""PMKT (Front-end)"",""tier"":""client"",""description"":""Giao diện website và các màn hình nghiệp vụ cho người dùng""},{""id"":""pmkt_core"",""name"":""PMKT (Core)"",""tier"":""server"",""description"":""Xử lý logic nghiệp vụ, lưu dữ liệu, hạch toán và tích hợp""}],""hints"":{}}",pmkt_frontend,verb,false,needs_domain_review
T15-008,dev,"{""row_text"":""Điều hướng theo số doanh nghiệp người dùng thuộc về"",""subject"":{""text"":""Hệ thống"",""resolution"":""generic""},""substeps"":[{""step_key"":""7b2ade23e0e8:8"",""quote"":""Điều hướng theo số doanh nghiệp người dùng thuộc về"",""operation"":null,""object_labels"":[]}],""members"":[{""id"":""pmkt_frontend"",""name"":""PMKT (Front-end)"",""tier"":""client"",""description"":""Giao diện website và các màn hình nghiệp vụ cho người dùng""},{""id"":""pmkt_core"",""name"":""PMKT (Core)"",""tier"":""server"",""description"":""Xử lý logic nghiệp vụ, lưu dữ liệu, hạch toán và tích hợp""}],""hints"":{}}",insufficient_evidence,context,false,needs_domain_review
T15-009,dev,"{""row_text"":""Hiển thị màn Khai báo thông tin doanh nghiệp MH-OB-01"",""subject"":{""text"":""Hệ thống"",""resolution"":""generic""},""substeps"":[{""step_key"":""822f649cb999:9"",""quote"":""Hiển thị màn Khai báo thông tin doanh nghiệp MH-OB-01"",""operation"":null,""object_labels"":[]}],""members"":[{""id"":""pmkt_frontend"",""name"":""PMKT (Front-end)"",""tier"":""client"",""description"":""Giao diện website và các màn hình nghiệp vụ cho người dùng""},{""id"":""pmkt_core"",""name"":""PMKT (Core)"",""tier"":""server"",""description"":""Xử lý logic nghiệp vụ, lưu dữ liệu, hạch toán và tích hợp""}],""hints"":{}}",pmkt_frontend,verb,false,needs_domain_review
T15-010,dev,"{""row_text"":""Validate toàn bộ form, kiểm tra MST đã tồn tại hay chưa; ; * Cập nhật thông tin doanh nghiệp: gắn người khai báo làm người quản trị đầu tiên; khởi tạo bộ hệ thống tài khoản và biểu mẫu mặc định theo TT99, năm tài chính, đồng tiền; gói dịch vụ"",""subject"":{""text"":""Hệ thống"",""resolution"":""generic""},""substeps"":[{""step_key"":""a213ea1afc8c:10"",""quote"":""* Cập nhật thông tin doanh nghiệp: gắn người khai báo làm người quản trị đầu tiên"",""operation"":null,""object_labels"":[]}],""members"":[{""id"":""pmkt_frontend"",""name"":""PMKT (Front-end)"",""tier"":""client"",""description"":""Giao diện website và các màn hình nghiệp vụ cho người dùng""},{""id"":""pmkt_core"",""name"":""PMKT (Core)"",""tier"":""server"",""description"":""Xử lý logic nghiệp vụ, lưu dữ liệu, hạch toán và tích hợp""}],""hints"":{}}",pmkt_core,verb,false,needs_domain_review
T15-011,dev,"{""row_text"":""Validate toàn bộ form, kiểm tra MST đã tồn tại hay chưa; ; * Cập nhật thông tin doanh nghiệp: gắn người khai báo làm người quản trị đầu tiên; khởi tạo bộ hệ thống tài khoản và biểu mẫu mặc định theo TT99, năm tài chính, đồng tiền; gói dịch vụ"",""subject"":{""text"":""Hệ thống"",""resolution"":""generic""},""substeps"":[{""step_key"":""a213ea1afc8c:11"",""quote"":""Validate toàn bộ form, kiểm tra MST đã tồn tại hay chưa"",""operation"":null,""object_labels"":[]}],""members"":[{""id"":""pmkt_frontend"",""name"":""PMKT (Front-end)"",""tier"":""client"",""description"":""Giao diện website và các màn hình nghiệp vụ cho người dùng""},{""id"":""pmkt_core"",""name"":""PMKT (Core)"",""tier"":""server"",""description"":""Xử lý logic nghiệp vụ, lưu dữ liệu, hạch toán và tích hợp""}],""hints"":{}}",pmkt_core,verb,false,needs_domain_review
T15-012,dev,"{""row_text"":""Validate toàn bộ form, kiểm tra MST đã tồn tại hay chưa; ; * Cập nhật thông tin doanh nghiệp: gắn người khai báo làm người quản trị đầu tiên; khởi tạo bộ hệ thống tài khoản và biểu mẫu mặc định theo TT99, năm tài chính, đồng tiền; gói dịch vụ"",""subject"":{""text"":""Hệ thống"",""resolution"":""generic""},""substeps"":[{""step_key"":""a213ea1afc8c:12"",""quote"":""Validate toàn bộ form, kiểm tra MST đã tồn tại hay chưa; ; * Cập nhật thông tin doanh nghiệp: gắn người khai báo làm người quản trị đầu tiên; khởi tạo bộ hệ thống tài khoản và biểu mẫu mặc định theo TT99, năm tài chính, đồng tiền; gói dịch vụ"",""operation"":null,""object_labels"":[]}],""members"":[{""id"":""pmkt_frontend"",""name"":""PMKT (Front-end)"",""tier"":""client"",""description"":""Giao diện website và các màn hình nghiệp vụ cho người dùng""},{""id"":""pmkt_core"",""name"":""PMKT (Core)"",""tier"":""server"",""description"":""Xử lý logic nghiệp vụ, lưu dữ liệu, hạch toán và tích hợp""}],""hints"":{}}",pmkt_core,verb,false,needs_domain_review
T15-013,dev,"{""row_text"":""Hiển thị màn hình Nhập Email (MH-DN-01.1)"",""subject"":{""text"":""Hệ thống"",""resolution"":""generic""},""substeps"":[{""step_key"":""411c5fb78add:13"",""quote"":""Hiển thị màn hình Nhập Email (MH-DN-01.1)"",""operation"":null,""object_labels"":[]}],""members"":[{""id"":""pmkt_frontend"",""name"":""PMKT (Front-end)"",""tier"":""client"",""description"":""Giao diện website và các màn hình nghiệp vụ cho người dùng""},{""id"":""pmkt_core"",""name"":""PMKT (Core)"",""tier"":""server"",""description"":""Xử lý logic nghiệp vụ, lưu dữ liệu, hạch toán và tích hợp""}],""hints"":{}}",pmkt_frontend,verb,false,needs_domain_review
T15-014,eval,"{""row_text"":""Hiển thị màn hình đăng ký MH-DK-02"",""subject"":{""text"":""PMKT VNPAY"",""resolution"":""combined""},""substeps"":[{""step_key"":""6487020334ff:14"",""quote"":""Hiển thị màn hình đăng ký MH-DK-02"",""operation"":null,""object_labels"":[]}],""members"":[{""id"":""pmkt_frontend"",""name"":""PMKT (Front-end)"",""tier"":""client"",""description"":""Giao diện website và các màn hình nghiệp vụ cho người dùng""},{""id"":""pmkt_core"",""name"":""PMKT (Core)"",""tier"":""server"",""description"":""Xử lý logic nghiệp vụ, lưu dữ liệu, hạch toán và tích hợp""}],""hints"":{}}",pmkt_frontend,verb,false,needs_domain_review
T15-015,eval,"{""row_text"":""Kiểm tra dữ liệu đầu vào: bắt buộc nhập, định dạng email/SĐT, MST 10 hoặc 13 chữ số; kiểm tra MST đã tồn tại trên hệ thống chưa (BR 13).; - Xác thực thành công"",""subject"":{""text"":""PMKT VNPAY"",""resolution"":""combined""},""substeps"":[{""step_key"":""5fa50a287908:15"",""quote"":""kiểm tra MST đã tồn tại trên hệ thống chưa (BR 13)"",""operation"":null,""object_labels"":[]}],""members"":[{""id"":""pmkt_frontend"",""name"":""PMKT (Front-end)"",""tier"":""client"",""description"":""Giao diện website và các màn hình nghiệp vụ cho người dùng""},{""id"":""pmkt_core"",""name"":""PMKT (Core)"",""tier"":""server"",""description"":""Xử lý logic nghiệp vụ, lưu dữ liệu, hạch toán và tích hợp""}],""hints"":{}}",pmkt_core,verb,false,needs_domain_review
T15-016,eval,"{""row_text"":""Kiểm tra các thông tin về quyền user, tài khoản công nợ hợp lệ để rút tiền theo các dữ liệu lấy về trước đó; Tham chiếu theo Quy tắc nghiệp vụ về Quyền rút tiền của user / Yêu cầu xác thực C06 với Merchant là Công ty/ Doanh nghiệp / Trạng thái liên kết ví của tài khoản công nợ / Trạng thái của tài khoản công nợ ; - Với user thuộc Merchant là Công ty/ Doanh nghiệp và chưa xác thực C06 trước đó: hiển thị màn hình thông báo xác thực và điều hướng tới chức năng xác thực sinh trắc; - Với user thuộc Merchant là Cá nhân/ Hộ kinh doanh hoặc là Công ty/ Doanh nghiệp nhưng đã xác thực C06 trước đó: hiển thị màn hình rút tiền với thông tin tài khoản công nợ được phân quyền và số ví thụ hưởng đã liên kết Ví"",""subject"":{""text"":""Merchant App"",""resolution"":""combined""},""substeps"":[{""step_key"":""0863139bea59:16"",""quote"":""Kiểm tra các thông tin về quyền user, tài khoản công nợ hợp lệ để rút tiền theo các dữ liệu lấy về trước đó"",""operation"":null,""object_labels"":[]}],""members"":[{""id"":""merchant_app_client"",""name"":""Merchant App (client)"",""tier"":""client"",""description"":""Giao diện ứng dụng Merchant App""},{""id"":""merchant_app_server"",""name"":""Merchant App (server)"",""tier"":""server"",""description"":""Xử lý giao dịch và điều phối các hệ thống phía máy chủ""}],""hints"":{}}",merchant_app_server,verb,false,needs_domain_review
T15-017,eval,"{""row_text"":""Kiểm tra các thông tin về quyền user, tài khoản công nợ hợp lệ để rút tiền theo các dữ liệu lấy về trước đó; Tham chiếu theo Quy tắc nghiệp vụ về Quyền rút tiền của user / Yêu cầu xác thực C06 với Merchant là Công ty/ Doanh nghiệp / Trạng thái liên kết ví của tài khoản công nợ / Trạng thái của tài khoản công nợ ; - Với user thuộc Merchant là Công ty/ Doanh nghiệp và chưa xác thực C06 trước đó: hiển thị màn hình thông báo xác thực và điều hướng tới chức năng xác thực sinh trắc; - Với user thuộc Merchant là Cá nhân/ Hộ kinh doanh hoặc là Công ty/ Doanh nghiệp nhưng đã xác thực C06 trước đó: hiển thị màn hình rút tiền với thông tin tài khoản công nợ được phân quyền và số ví thụ hưởng đã liên kết Ví"",""subject"":{""text"":""Merchant App"",""resolution"":""combined""},""substeps"":[{""step_key"":""0863139bea59:17"",""quote"":""Với user thuộc Merchant là Cá nhân/ Hộ kinh doanh hoặc là Công ty/ Doanh nghiệp nhưng đã xác thực C06 trước đó: hiển thị màn hình rút tiền với thông tin tài khoản công nợ được phân quyền và số ví thụ hưởng đã liên kết Ví"",""operation"":null,""object_labels"":[]}],""members"":[{""id"":""merchant_app_client"",""name"":""Merchant App (client)"",""tier"":""client"",""description"":""Giao diện ứng dụng Merchant App""},{""id"":""merchant_app_server"",""name"":""Merchant App (server)"",""tier"":""server"",""description"":""Xử lý giao dịch và điều phối các hệ thống phía máy chủ""}],""hints"":{}}",merchant_app_client,verb,false,needs_domain_review
T15-018,eval,"{""row_text"":""Kiểm tra các thông tin về quyền user, tài khoản công nợ hợp lệ để rút tiền theo các dữ liệu lấy về trước đó; Tham chiếu theo Quy tắc nghiệp vụ về Quyền rút tiền của user / Yêu cầu xác thực C06 với Merchant là Công ty/ Doanh nghiệp / Trạng thái liên kết ví của tài khoản công nợ / Trạng thái của tài khoản công nợ ; - Với user thuộc Merchant là Công ty/ Doanh nghiệp và chưa xác thực C06 trước đó: hiển thị màn hình thông báo xác thực và điều hướng tới chức năng xác thực sinh trắc; - Với user thuộc Merchant là Cá nhân/ Hộ kinh doanh hoặc là Công ty/ Doanh nghiệp nhưng đã xác thực C06 trước đó: hiển thị màn hình rút tiền với thông tin tài khoản công nợ được phân quyền và số ví thụ hưởng đã liên kết Ví"",""subject"":{""text"":""Merchant App"",""resolution"":""combined""},""substeps"":[{""step_key"":""0863139bea59:18"",""quote"":""Với user thuộc Merchant là Công ty/ Doanh nghiệp và chưa xác thực C06 trước đó: hiển thị màn hình thông báo xác thực và điều hướng tới chức năng xác thực sinh trắc"",""operation"":null,""object_labels"":[]}],""members"":[{""id"":""merchant_app_client"",""name"":""Merchant App (client)"",""tier"":""client"",""description"":""Giao diện ứng dụng Merchant App""},{""id"":""merchant_app_server"",""name"":""Merchant App (server)"",""tier"":""server"",""description"":""Xử lý giao dịch và điều phối các hệ thống phía máy chủ""}],""hints"":{}}",merchant_app_client,verb,false,needs_domain_review
T15-019,eval,"{""row_text"":""Hiển thị popup chọn CIF Công nợ ; Tham chiếu theo Quy tắc nghiệp vụ về Số CIF công nợ được rút tiền"",""subject"":{""text"":""Merchant App"",""resolution"":""combined""},""substeps"":[{""step_key"":""7d8ff3fdf020:19"",""quote"":""Hiển thị popup chọn CIF Công nợ"",""operation"":null,""object_labels"":[]}],""members"":[{""id"":""merchant_app_client"",""name"":""Merchant App (client)"",""tier"":""client"",""description"":""Giao diện ứng dụng Merchant App""},{""id"":""merchant_app_server"",""name"":""Merchant App (server)"",""tier"":""server"",""description"":""Xử lý giao dịch và điều phối các hệ thống phía máy chủ""}],""hints"":{}}",merchant_app_client,verb,false,needs_domain_review
T15-020,eval,"{""row_text"":""Hiển thị popup chọn CIF Công nợ ; Tham chiếu theo Quy tắc nghiệp vụ về Số CIF công nợ được rút tiền"",""subject"":{""text"":""Merchant App"",""resolution"":""combined""},""substeps"":[{""step_key"":""7d8ff3fdf020:20"",""quote"":""Hiển thị popup chọn CIF Công nợ ; Tham chiếu theo Quy tắc nghiệp vụ về Số CIF công nợ được rút tiền"",""operation"":null,""object_labels"":[]}],""members"":[{""id"":""merchant_app_client"",""name"":""Merchant App (client)"",""tier"":""client"",""description"":""Giao diện ứng dụng Merchant App""},{""id"":""merchant_app_server"",""name"":""Merchant App (server)"",""tier"":""server"",""description"":""Xử lý giao dịch và điều phối các hệ thống phía máy chủ""}],""hints"":{}}",merchant_app_client,verb,false,needs_domain_review
T15-021,eval,"{""row_text"":""Hiển thị popup chọn tài khoản Công nợ ; Tham chiếu theo Quy tắc nghiệp vụ về Tài khoản công nợ được rút tiền"",""subject"":{""text"":""Merchant App"",""resolution"":""combined""},""substeps"":[{""step_key"":""3c6401441a0c:21"",""quote"":""Hiển thị popup chọn tài khoản Công nợ"",""operation"":null,""object_labels"":[]}],""members"":[{""id"":""merchant_app_client"",""name"":""Merchant App (client)"",""tier"":""client"",""description"":""Giao diện ứng dụng Merchant App""},{""id"":""merchant_app_server"",""name"":""Merchant App (server)"",""tier"":""server"",""description"":""Xử lý giao dịch và điều phối các hệ thống phía máy chủ""}],""hints"":{}}",merchant_app_client,verb,false,needs_domain_review
T15-022,eval,"{""row_text"":""Hiển thị popup chọn tài khoản Công nợ ; Tham chiếu theo Quy tắc nghiệp vụ về Tài khoản công nợ được rút tiền"",""subject"":{""text"":""Merchant App"",""resolution"":""combined""},""substeps"":[{""step_key"":""3c6401441a0c:22"",""quote"":""Hiển thị popup chọn tài khoản Công nợ ; Tham chiếu theo Quy tắc nghiệp vụ về Tài khoản công nợ được rút tiền"",""operation"":null,""object_labels"":[]}],""members"":[{""id"":""merchant_app_client"",""name"":""Merchant App (client)"",""tier"":""client"",""description"":""Giao diện ứng dụng Merchant App""},{""id"":""merchant_app_server"",""name"":""Merchant App (server)"",""tier"":""server"",""description"":""Xử lý giao dịch và điều phối các hệ thống phía máy chủ""}],""hints"":{}}",merchant_app_client,verb,false,needs_domain_review
T15-023,eval,"{""row_text"":""Hiển thị popup chọn ngân hàng liên kết Ví"",""subject"":{""text"":""Merchant App"",""resolution"":""combined""},""substeps"":[{""step_key"":""f14928612fcf:23"",""quote"":""Hiển thị popup chọn ngân hàng liên kết Ví"",""operation"":null,""object_labels"":[]}],""members"":[{""id"":""merchant_app_client"",""name"":""Merchant App (client)"",""tier"":""client"",""description"":""Giao diện ứng dụng Merchant App""},{""id"":""merchant_app_server"",""name"":""Merchant App (server)"",""tier"":""server"",""description"":""Xử lý giao dịch và điều phối các hệ thống phía máy chủ""}],""hints"":{}}",merchant_app_client,verb,false,needs_domain_review
T15-024,eval,"{""row_text"":""Kiểm tra thông tin rút và hiển thị màn hình xác nhận giao dịch ; Tham chiếu theo Quy tắc nghiệp vụ về Số lượng ký tự của số tiền rút/ Điều kiện số tiền rút so với dư nợ khả dụng / Hạn mức của số tiền rút / Quy định về nội dung giao dịch"",""subject"":{""text"":""Merchant App"",""resolution"":""combined""},""substeps"":[{""step_key"":""ce88c7962683:24"",""quote"":""Kiểm tra thông tin rút và hiển thị màn hình xác nhận giao dịch"",""operation"":null,""object_labels"":[]}],""members"":[{""id"":""merchant_app_client"",""name"":""Merchant App (client)"",""tier"":""client"",""description"":""Giao diện ứng dụng Merchant App""},{""id"":""merchant_app_server"",""name"":""Merchant App (server)"",""tier"":""server"",""description"":""Xử lý giao dịch và điều phối các hệ thống phía máy chủ""}],""hints"":{}}",merchant_app_server,verb,true,needs_domain_review
T15-025,eval,"{""row_text"":""Kiểm tra thông tin rút và hiển thị màn hình xác nhận giao dịch ; Tham chiếu theo Quy tắc nghiệp vụ về Số lượng ký tự của số tiền rút/ Điều kiện số tiền rút so với dư nợ khả dụng / Hạn mức của số tiền rút / Quy định về nội dung giao dịch"",""subject"":{""text"":""Merchant App"",""resolution"":""combined""},""substeps"":[{""step_key"":""ce88c7962683:25"",""quote"":""Kiểm tra thông tin rút và hiển thị màn hình xác nhận giao dịch ; Tham chiếu theo Quy tắc nghiệp vụ về Số lượng ký tự của số tiền rút/ Điều kiện số tiền rút so với dư nợ khả dụng / Hạn mức của số tiền rút / Quy định về nội dung giao dịch"",""operation"":null,""object_labels"":[]}],""members"":[{""id"":""merchant_app_client"",""name"":""Merchant App (client)"",""tier"":""client"",""description"":""Giao diện ứng dụng Merchant App""},{""id"":""merchant_app_server"",""name"":""Merchant App (server)"",""tier"":""server"",""description"":""Xử lý giao dịch và điều phối các hệ thống phía máy chủ""}],""hints"":{}}",merchant_app_server,verb,true,needs_domain_review
T15-026,eval,"{""row_text"":""Luồng xử lý xác thực SoftOTP hay SMSOTP sẽ theo logic xác thực giao dịch chung của hệ thống"",""subject"":{""text"":""Merchant App"",""resolution"":""combined""},""substeps"":[{""step_key"":""04acd1255917:26"",""quote"":""Luồng xử lý xác thực SoftOTP hay SMSOTP sẽ theo logic xác thực giao dịch chung của hệ thống"",""operation"":null,""object_labels"":[]}],""members"":[{""id"":""merchant_app_client"",""name"":""Merchant App (client)"",""tier"":""client"",""description"":""Giao diện ứng dụng Merchant App""},{""id"":""merchant_app_server"",""name"":""Merchant App (server)"",""tier"":""server"",""description"":""Xử lý giao dịch và điều phối các hệ thống phía máy chủ""}],""hints"":{}}",insufficient_evidence,context,false,needs_domain_review
T15-027,eval,"{""row_text"":""Với trường hợp giao dịch yêu cầu xác thực SoftOTP: hiển thị màn hình nhập mã PIN và gen mã SoftOTP; - Với trường hợp giao dịch yêu cầu xác thực SMS OTP: hiển thị màn hình nhập OTP; Luồng xử lý xác thực SoftOTP hay SMSOTP sẽ theo logic xác thực giao dịch chung của hệ thống ; Tham chiếu theo Quy tắc nghiệp vụ về Phương thức xác thực"",""subject"":{""text"":""Merchant App"",""resolution"":""combined""},""substeps"":[{""step_key"":""04acd1255917:27"",""quote"":""Với trường hợp giao dịch yêu cầu xác thực SMS OTP: hiển thị màn hình nhập OTP"",""operation"":null,""object_labels"":[]}],""members"":[{""id"":""merchant_app_client"",""name"":""Merchant App (client)"",""tier"":""client"",""description"":""Giao diện ứng dụng Merchant App""},{""id"":""merchant_app_server"",""name"":""Merchant App (server)"",""tier"":""server"",""description"":""Xử lý giao dịch và điều phối các hệ thống phía máy chủ""}],""hints"":{}}",merchant_app_client,verb,false,needs_domain_review
T15-028,eval,"{""row_text"":""Với trường hợp giao dịch yêu cầu xác thực SoftOTP: hiển thị màn hình nhập mã PIN và gen mã SoftOTP; - Với trường hợp giao dịch yêu cầu xác thực SMS OTP: hiển thị màn hình nhập OTP; Luồng xử lý xác thực SoftOTP hay SMSOTP sẽ theo logic xác thực giao dịch chung của hệ thống ; Tham chiếu theo Quy tắc nghiệp vụ về Phương thức xác thực"",""subject"":{""text"":""Merchant App"",""resolution"":""combined""},""substeps"":[{""step_key"":""04acd1255917:28"",""quote"":""Với trường hợp giao dịch yêu cầu xác thực SoftOTP: hiển thị màn hình nhập mã PIN và gen mã SoftOTP"",""operation"":null,""object_labels"":[]}],""members"":[{""id"":""merchant_app_client"",""name"":""Merchant App (client)"",""tier"":""client"",""description"":""Giao diện ứng dụng Merchant App""},{""id"":""merchant_app_server"",""name"":""Merchant App (server)"",""tier"":""server"",""description"":""Xử lý giao dịch và điều phối các hệ thống phía máy chủ""}],""hints"":{}}",merchant_app_client,verb,true,needs_domain_review
T15-029,eval,"{""row_text"":""Với trường hợp giao dịch yêu cầu xác thực SoftOTP: hiển thị màn hình nhập mã PIN và gen mã SoftOTP; - Với trường hợp giao dịch yêu cầu xác thực SMS OTP: hiển thị màn hình nhập OTP; Luồng xử lý xác thực SoftOTP hay SMSOTP sẽ theo logic xác thực giao dịch chung của hệ thống ; Tham chiếu theo Quy tắc nghiệp vụ về Phương thức xác thực"",""subject"":{""text"":""Merchant App"",""resolution"":""combined""},""substeps"":[{""step_key"":""04acd1255917:29"",""quote"":""Với trường hợp giao dịch yêu cầu xác thực SoftOTP: hiển thị màn hình nhập mã PIN và gen mã SoftOTP; - Với trường hợp giao dịch yêu cầu xác thực SMS OTP: hiển thị màn hình nhập OTP; Luồng xử lý xác thực SoftOTP hay SMSOTP sẽ theo logic xác thực giao dịch chung của hệ thống ; Tham chiếu theo Quy tắc nghiệp vụ về Phương thức xác thực"",""operation"":null,""object_labels"":[]}],""members"":[{""id"":""merchant_app_client"",""name"":""Merchant App (client)"",""tier"":""client"",""description"":""Giao diện ứng dụng Merchant App""},{""id"":""merchant_app_server"",""name"":""Merchant App (server)"",""tier"":""server"",""description"":""Xử lý giao dịch và điều phối các hệ thống phía máy chủ""}],""hints"":{}}",merchant_app_client,verb,true,needs_domain_review
T15-030,eval,"{""row_text"":""Sau khi xác thực thành công, xử lý rút tiền về ngân hàng liên kết ví và hiển thị màn hình kết quả giao dịch ; Tham chiếu theo Quy tắc nghiệp vụ về Số lượng ký tự của số tiền rút/ Điều kiện số tiền rút so với dư nợ khả dụng / Hạn mức của số tiền rút / Quy định về nội dung giao dịch / Trạng thái định danh của Ví VNPAY/ Trạng thái duyệt thông tin định danh của Ví VNPAY / Trạng thái Ví VNPAY / Trạng thái liên kết Ví VNPAY với tài khoản ngân hàng / Điều kiện rút tiền của Ngân hàng"",""subject"":{""text"":""Merchant App"",""resolution"":""combined""},""substeps"":[{""step_key"":""fc8b47680729:30"",""quote"":""Sau khi xác thực thành công, xử lý rút tiền về ngân hàng liên kết ví và hiển thị màn hình kết quả giao dịch"",""operation"":null,""object_labels"":[]}],""members"":[{""id"":""merchant_app_client"",""name"":""Merchant App (client)"",""tier"":""client"",""description"":""Giao diện ứng dụng Merchant App""},{""id"":""merchant_app_server"",""name"":""Merchant App (server)"",""tier"":""server"",""description"":""Xử lý giao dịch và điều phối các hệ thống phía máy chủ""}],""hints"":{}}",merchant_app_server,verb,true,needs_domain_review
T15-031,eval,"{""row_text"":""Thực hiện xác thực giao dịch cho khách hàng"",""subject"":{""text"":""VCB Digibank"",""resolution"":""combined""},""substeps"":[{""step_key"":""8e06bed1f50c:31"",""quote"":""Thực hiện xác thực giao dịch cho khách hàng"",""operation"":null,""object_labels"":[]}],""members"":[{""id"":""vcb_mobile"",""name"":""VCB Digibank Mobile"",""tier"":""client"",""description"":""Giao diện ứng dụng mobile cho khách hàng""},{""id"":""vcb_server"",""name"":""VCB Digibank Server"",""tier"":""server"",""description"":""Xử lý nghiệp vụ giao dịch và điều phối các hệ thống liên quan""}],""hints"":{}}",vcb_server,verb,false,needs_domain_review
T15-032,eval,"{""row_text"":""Hạch toán tài giao dịch, thông báo kết quả cho KH qua OTT và email, đồng thời hiển thị màn hình kết quả giao dịch"",""subject"":{""text"":""VCB Digibank"",""resolution"":""combined""},""substeps"":[{""step_key"":""bc5935c98919:32"",""quote"":""Hạch toán tài giao dịch, thông báo kết quả cho KH qua OTT và email, đồng thời hiển thị màn hình kết quả giao dịch"",""operation"":null,""object_labels"":[]}],""members"":[{""id"":""vcb_mobile"",""name"":""VCB Digibank Mobile"",""tier"":""client"",""description"":""Giao diện ứng dụng mobile cho khách hàng""},{""id"":""vcb_server"",""name"":""VCB Digibank Server"",""tier"":""server"",""description"":""Xử lý nghiệp vụ giao dịch và điều phối các hệ thống liên quan""}],""hints"":{}}",vcb_server,verb,true,needs_domain_review
T15-033,dev,"{""row_text"":""Hiển thị màn hình Thẻ lệ sản phẩm và cam kết"",""subject"":{""text"":""Ứng dụng Digibank"",""resolution"":""combined""},""substeps"":[{""step_key"":""41ae22c59067:33"",""quote"":""Hiển thị màn hình Thẻ lệ sản phẩm và cam kết"",""operation"":null,""object_labels"":[]}],""members"":[{""id"":""vcb_mobile"",""name"":""VCB Digibank Mobile"",""tier"":""client"",""description"":""Giao diện ứng dụng mobile cho khách hàng""},{""id"":""vcb_server"",""name"":""VCB Digibank Server"",""tier"":""server"",""description"":""Xử lý nghiệp vụ giao dịch và điều phối các hệ thống liên quan""}],""hints"":{}}",vcb_mobile,verb,false,needs_domain_review
T15-034,dev,"{""row_text"":""Hiển thị màn hình Đăng ký phát hành thẻ tín dụng cầm cố tiết kiệm (màn hình chọn/ nhập thông tin mở thẻ)"",""subject"":{""text"":""Ứng dụng Digibank"",""resolution"":""combined""},""substeps"":[{""step_key"":""8ca0f0083747:34"",""quote"":""Hiển thị màn hình Đăng ký phát hành thẻ tín dụng cầm cố tiết kiệm (màn hình chọn/ nhập thông tin mở thẻ)"",""operation"":null,""object_labels"":[]}],""members"":[{""id"":""vcb_mobile"",""name"":""VCB Digibank Mobile"",""tier"":""client"",""description"":""Giao diện ứng dụng mobile cho khách hàng""},{""id"":""vcb_server"",""name"":""VCB Digibank Server"",""tier"":""server"",""description"":""Xử lý nghiệp vụ giao dịch và điều phối các hệ thống liên quan""}],""hints"":{}}",vcb_mobile,verb,false,needs_domain_review
T15-035,dev,"{""row_text"":""Hiển thị MH Xác nhận giao dịch"",""subject"":{""text"":""Ứng dụng Digibank"",""resolution"":""combined""},""substeps"":[{""step_key"":""6c0eb9c28710:35"",""quote"":""Hiển thị MH Xác nhận giao dịch"",""operation"":null,""object_labels"":[]}],""members"":[{""id"":""vcb_mobile"",""name"":""VCB Digibank Mobile"",""tier"":""client"",""description"":""Giao diện ứng dụng mobile cho khách hàng""},{""id"":""vcb_server"",""name"":""VCB Digibank Server"",""tier"":""server"",""description"":""Xử lý nghiệp vụ giao dịch và điều phối các hệ thống liên quan""}],""hints"":{}}",vcb_mobile,verb,false,needs_domain_review
T15-036,dev,"{""row_text"":""Hiển thị MH Xác thực giao dịch, yêu cầu KH nhập OTP để xác thực"",""subject"":{""text"":""Ứng dụng Digibank"",""resolution"":""combined""},""substeps"":[{""step_key"":""5c558716cb1d:36"",""quote"":""Hiển thị MH Xác thực giao dịch, yêu cầu KH nhập OTP để xác thực"",""operation"":null,""object_labels"":[]}],""members"":[{""id"":""vcb_mobile"",""name"":""VCB Digibank Mobile"",""tier"":""client"",""description"":""Giao diện ứng dụng mobile cho khách hàng""},{""id"":""vcb_server"",""name"":""VCB Digibank Server"",""tier"":""server"",""description"":""Xử lý nghiệp vụ giao dịch và điều phối các hệ thống liên quan""}],""hints"":{}}",vcb_mobile,verb,false,needs_domain_review
T15-037,eval,"{""row_text"":""Hiển thị thông báo \""Đăng ký thành công\"" (MH-DK-03); Đồng thời ghi nhận thông tin khách hàng: Họ tên, Email, Số điện thoại, Mã số thuế, Thời gian đăng ký, Mã gói dịch vụ mặc định"",""subject"":{""text"":""PMKT VNPAY"",""resolution"":""combined""},""substeps"":[{""step_key"":""966f3dce549c:37"",""quote"":""Hiển thị thông báo \""Đăng ký thành công\"" (MH-DK-03)"",""operation"":null,""object_labels"":[]}],""members"":[{""id"":""pmkt_frontend"",""name"":""PMKT (Front-end)"",""tier"":""client"",""description"":""Giao diện website và các màn hình nghiệp vụ cho người dùng""},{""id"":""pmkt_core"",""name"":""PMKT (Core)"",""tier"":""server"",""description"":""Xử lý logic nghiệp vụ, lưu dữ liệu, hạch toán và tích hợp""}],""hints"":{}}",pmkt_frontend,verb,false,needs_domain_review
T15-038,eval,"{""row_text"":""Hiển thị thông báo \""Đăng ký thành công\"" (MH-DK-03); Đồng thời ghi nhận thông tin khách hàng: Họ tên, Email, Số điện thoại, Mã số thuế, Thời gian đăng ký, Mã gói dịch vụ mặc định"",""subject"":{""text"":""PMKT VNPAY"",""resolution"":""combined""},""substeps"":[{""step_key"":""966f3dce549c:38"",""quote"":""Hiển thị thông báo \""Đăng ký thành công\"" (MH-DK-03); Đồng thời ghi nhận thông tin khách hàng: Họ tên, Email, Số điện thoại, Mã số thuế, Thời gian đăng ký, Mã gói dịch vụ mặc định"",""operation"":null,""object_labels"":[]}],""members"":[{""id"":""pmkt_frontend"",""name"":""PMKT (Front-end)"",""tier"":""client"",""description"":""Giao diện website và các màn hình nghiệp vụ cho người dùng""},{""id"":""pmkt_core"",""name"":""PMKT (Core)"",""tier"":""server"",""description"":""Xử lý logic nghiệp vụ, lưu dữ liệu, hạch toán và tích hợp""}],""hints"":{}}",pmkt_frontend,verb,true,needs_domain_review
T15-039,dev,"{""row_text"":""Hiển thị màn hình khởi tạo giao dịch thanh toán bao gồm:; - Danh sách tài khoản nguồn của KH; - Thông tin khách hàng: Họ tên, số điện thoại, email.; - Thông tin vé: Mã thanh toán, tên phim, suất chiếu, thời lượng, rạp, địa chỉ, ghế.; - Số tiền thanh toán: Số tiền thanh toán bằng số và chữ"",""subject"":{""text"":""VCB Digibank"",""resolution"":""combined""},""substeps"":[{""step_key"":""00b25f42e74d:39"",""quote"":""Hiển thị màn hình khởi tạo giao dịch thanh toán bao gồm:"",""operation"":null,""object_labels"":[]}],""members"":[{""id"":""vcb_mobile"",""name"":""VCB Digibank Mobile"",""tier"":""client"",""description"":""Giao diện ứng dụng mobile cho khách hàng""},{""id"":""vcb_server"",""name"":""VCB Digibank Server"",""tier"":""server"",""description"":""Xử lý nghiệp vụ giao dịch và điều phối các hệ thống liên quan""}],""hints"":{}}",vcb_mobile,verb,false,needs_domain_review
T15-040,dev,"{""row_text"":""Hiển thị màn hình khởi tạo giao dịch thanh toán bao gồm:; - Danh sách tài khoản nguồn của KH; - Thông tin khách hàng: Họ tên, số điện thoại, email.; - Thông tin vé: Mã thanh toán, tên phim, suất chiếu, thời lượng, rạp, địa chỉ, ghế.; - Số tiền thanh toán: Số tiền thanh toán bằng số và chữ"",""subject"":{""text"":""VCB Digibank"",""resolution"":""combined""},""substeps"":[{""step_key"":""00b25f42e74d:40"",""quote"":""Hiển thị màn hình khởi tạo giao dịch thanh toán bao gồm:; - Danh sách tài khoản nguồn của KH; - Thông tin khách hàng: Họ tên, số điện thoại, email.; - Thông tin vé: Mã thanh toán, tên phim, suất chiếu, thời lượng, rạp, địa chỉ, ghế.; - Số tiền thanh toán: Số tiền thanh toán bằng số và chữ"",""operation"":null,""object_labels"":[]}],""members"":[{""id"":""vcb_mobile"",""name"":""VCB Digibank Mobile"",""tier"":""client"",""description"":""Giao diện ứng dụng mobile cho khách hàng""},{""id"":""vcb_server"",""name"":""VCB Digibank Server"",""tier"":""server"",""description"":""Xử lý nghiệp vụ giao dịch và điều phối các hệ thống liên quan""}],""hints"":{}}",vcb_mobile,verb,false,needs_domain_review
T15-041,dev,"{""row_text"":""Hiển thị màn hình xác nhận thanh toán bao gồm các thông tin: Tài khoản nguồn, mã thanh toán, phí giao dịch, số tiền (bằng số và chữ), danh sách phương thức xác thực"",""subject"":{""text"":""VCB Digibank"",""resolution"":""combined""},""substeps"":[{""step_key"":""fb38a9086311:41"",""quote"":""Hiển thị màn hình xác nhận thanh toán bao gồm các thông tin: Tài khoản nguồn, mã thanh toán, phí giao dịch, số tiền (bằng số và chữ), danh sách phương thức xác thực"",""operation"":null,""object_labels"":[]}],""members"":[{""id"":""vcb_mobile"",""name"":""VCB Digibank Mobile"",""tier"":""client"",""description"":""Giao diện ứng dụng mobile cho khách hàng""},{""id"":""vcb_server"",""name"":""VCB Digibank Server"",""tier"":""server"",""description"":""Xử lý nghiệp vụ giao dịch và điều phối các hệ thống liên quan""}],""hints"":{}}",vcb_mobile,verb,false,needs_domain_review
T15-042,dev,"{""row_text"":""Hiển thị màn hình popup cho khách hàng thực hiện xác thực giao dịch theo phương thức đã lựa chọn"",""subject"":{""text"":""VCB Digibank"",""resolution"":""combined""},""substeps"":[{""step_key"":""6bf42f6ec746:42"",""quote"":""Hiển thị màn hình popup cho khách hàng thực hiện xác thực giao dịch theo phương thức đã lựa chọn"",""operation"":null,""object_labels"":[]}],""members"":[{""id"":""vcb_mobile"",""name"":""VCB Digibank Mobile"",""tier"":""client"",""description"":""Giao diện ứng dụng mobile cho khách hàng""},{""id"":""vcb_server"",""name"":""VCB Digibank Server"",""tier"":""server"",""description"":""Xử lý nghiệp vụ giao dịch và điều phối các hệ thống liên quan""}],""hints"":{}}",vcb_mobile,verb,false,needs_domain_review
T15-043,dev,"{""row_text"":""Thực hiện thanh toán cho giao dịch của khách hàng và hiển thị màn hình kết quả gồm có các thông tin: Thời gian giao dịch, số tiền, mã thanh toán, phí giao dịch, mã giao dịch"",""subject"":{""text"":""VCB Digibank"",""resolution"":""combined""},""substeps"":[{""step_key"":""281c6cf05f66:43"",""quote"":""Thực hiện thanh toán cho giao dịch của khách hàng và hiển thị màn hình kết quả gồm có các thông tin: Thời gian giao dịch, số tiền, mã thanh toán, phí giao dịch, mã giao dịch"",""operation"":null,""object_labels"":[]}],""members"":[{""id"":""vcb_mobile"",""name"":""VCB Digibank Mobile"",""tier"":""client"",""description"":""Giao diện ứng dụng mobile cho khách hàng""},{""id"":""vcb_server"",""name"":""VCB Digibank Server"",""tier"":""server"",""description"":""Xử lý nghiệp vụ giao dịch và điều phối các hệ thống liên quan""}],""hints"":{}}",vcb_server,verb,true,needs_domain_review
T15-044,dev,"{""row_text"":""Mở màn Hoá đơn (PRD Danh sách hoá đơn) với nút Thêm hoá đơn trên thanh công cụ"",""subject"":{""text"":""Hệ thống"",""resolution"":""generic""},""substeps"":[{""step_key"":""9f6ac06ab019:44"",""quote"":""Mở màn Hoá đơn (PRD Danh sách hoá đơn) với nút Thêm hoá đơn trên thanh công cụ"",""operation"":null,""object_labels"":[]}],""members"":[{""id"":""pmkt_frontend"",""name"":""PMKT (Front-end)"",""tier"":""client"",""description"":""Giao diện website và các màn hình nghiệp vụ cho người dùng""},{""id"":""pmkt_core"",""name"":""PMKT (Core)"",""tier"":""server"",""description"":""Xử lý logic nghiệp vụ, lưu dữ liệu, hạch toán và tích hợp""}],""hints"":{}}",pmkt_frontend,verb,false,needs_domain_review
T15-045,dev,"{""row_text"":""Mở màn Chứng từ NVK - Loại bổ sung hoá đơn ở chế độ Thêm: sinh sẵn số chứng từ, để trống hai ô ngày, hiện vùng Chứng từ gốc rỗng kèm nút Chọn chứng từ gốc; đặt breadcrumb Mua hàng › Hoá đơn › Thêm hoá đơn và giữ tô sáng mục menu Hoá đơn (BR-01, BR-29, BR-31)"",""subject"":{""text"":""Hệ thống"",""resolution"":""generic""},""substeps"":[{""step_key"":""13205d817721:45"",""quote"":""Mở màn Chứng từ NVK - Loại bổ sung hoá đơn ở chế độ Thêm: sinh sẵn số chứng từ, để trống hai ô ngày, hiện vùng Chứng từ gốc rỗng kèm nút Chọn chứng từ gốc"",""operation"":null,""object_labels"":[]}],""members"":[{""id"":""pmkt_frontend"",""name"":""PMKT (Front-end)"",""tier"":""client"",""description"":""Giao diện website và các màn hình nghiệp vụ cho người dùng""},{""id"":""pmkt_core"",""name"":""PMKT (Core)"",""tier"":""server"",""description"":""Xử lý logic nghiệp vụ, lưu dữ liệu, hạch toán và tích hợp""}],""hints"":{}}",pmkt_frontend,verb,true,needs_domain_review
T15-046,dev,"{""row_text"":""Mở màn Chứng từ NVK - Loại bổ sung hoá đơn ở chế độ Thêm: sinh sẵn số chứng từ, để trống hai ô ngày, hiện vùng Chứng từ gốc rỗng kèm nút Chọn chứng từ gốc; đặt breadcrumb Mua hàng › Hoá đơn › Thêm hoá đơn và giữ tô sáng mục menu Hoá đơn (BR-01, BR-29, BR-31)"",""subject"":{""text"":""Hệ thống"",""resolution"":""generic""},""substeps"":[{""step_key"":""13205d817721:46"",""quote"":""Mở màn Chứng từ NVK - Loại bổ sung hoá đơn ở chế độ Thêm: sinh sẵn số chứng từ, để trống hai ô ngày, hiện vùng Chứng từ gốc rỗng kèm nút Chọn chứng từ gốc; đặt breadcrumb Mua hàng › Hoá đơn › Thêm hoá đơn và giữ tô sáng mục menu Hoá đơn (BR-01, BR-29, BR-31)"",""operation"":null,""object_labels"":[]}],""members"":[{""id"":""pmkt_frontend"",""name"":""PMKT (Front-end)"",""tier"":""client"",""description"":""Giao diện website và các màn hình nghiệp vụ cho người dùng""},{""id"":""pmkt_core"",""name"":""PMKT (Core)"",""tier"":""server"",""description"":""Xử lý logic nghiệp vụ, lưu dữ liệu, hạch toán và tích hợp""}],""hints"":{}}",pmkt_frontend,verb,true,needs_domain_review
T15-047,dev,"{""row_text"":""Mở popup Chọn chứng từ gốc cần thêm hoá đơn, quét ba nguồn chứng từ và liệt kê những chứng từ đã ghi sổ, không thuộc diện không có hoá đơn, chưa có số hoá đơn khai thẳng trên chứng từ và chưa có chứng từ nghiệp vụ khác nào ghi nhận hoá đơn, Ngày hạch toán mới nhất lên trước; gắn nhãn Đã khoá sổ / Đang mở ở cột Kỳ kế toán (BR-03, BR-04, BR-05)"",""subject"":{""text"":""Hệ thống"",""resolution"":""generic""},""substeps"":[{""step_key"":""e035952b1416:47"",""quote"":""Mở popup Chọn chứng từ gốc cần thêm hoá đơn, quét ba nguồn chứng từ và liệt kê những chứng từ đã ghi sổ, không thuộc diện không có hoá đơn, chưa có số hoá đơn khai thẳng trên chứng từ và chưa có chứng từ nghiệp vụ khác nào ghi nhận hoá đơn, Ngày hạch toán mới nhất lên trước"",""operation"":null,""object_labels"":[]}],""members"":[{""id"":""pmkt_frontend"",""name"":""PMKT (Front-end)"",""tier"":""client"",""description"":""Giao diện website và các màn hình nghiệp vụ cho người dùng""},{""id"":""pmkt_core"",""name"":""PMKT (Core)"",""tier"":""server"",""description"":""Xử lý logic nghiệp vụ, lưu dữ liệu, hạch toán và tích hợp""}],""hints"":{}}",pmkt_frontend,verb,true,needs_domain_review
T15-048,dev,"{""row_text"":""Mở popup Chọn chứng từ gốc cần thêm hoá đơn, quét ba nguồn chứng từ và liệt kê những chứng từ đã ghi sổ, không thuộc diện không có hoá đơn, chưa có số hoá đơn khai thẳng trên chứng từ và chưa có chứng từ nghiệp vụ khác nào ghi nhận hoá đơn, Ngày hạch toán mới nhất lên trước; gắn nhãn Đã khoá sổ / Đang mở ở cột Kỳ kế toán (BR-03, BR-04, BR-05)"",""subject"":{""text"":""Hệ thống"",""resolution"":""generic""},""substeps"":[{""step_key"":""e035952b1416:48"",""quote"":""Mở popup Chọn chứng từ gốc cần thêm hoá đơn, quét ba nguồn chứng từ và liệt kê những chứng từ đã ghi sổ, không thuộc diện không có hoá đơn, chưa có số hoá đơn khai thẳng trên chứng từ và chưa có chứng từ nghiệp vụ khác nào ghi nhận hoá đơn, Ngày hạch toán mới nhất lên trước; gắn nhãn Đã khoá sổ / Đang mở ở cột Kỳ kế toán (BR-03, BR-04, BR-05)"",""operation"":null,""object_labels"":[]}],""members"":[{""id"":""pmkt_frontend"",""name"":""PMKT (Front-end)"",""tier"":""client"",""description"":""Giao diện website và các màn hình nghiệp vụ cho người dùng""},{""id"":""pmkt_core"",""name"":""PMKT (Core)"",""tier"":""server"",""description"":""Xử lý logic nghiệp vụ, lưu dữ liệu, hạch toán và tích hợp""}],""hints"":{}}",pmkt_frontend,verb,true,needs_domain_review
T15-049,dev,"{""row_text"":""Lọc lại bảng ngay theo điều kiện vừa đặt và cập nhật số đếm chứng từ đang chờ; tập rỗng thì hiện dòng thông báo không có chứng từ nào khớp (BR-05)"",""subject"":{""text"":""Hệ thống"",""resolution"":""generic""},""substeps"":[{""step_key"":""7a323aaa76fd:49"",""quote"":""Lọc lại bảng ngay theo điều kiện vừa đặt và cập nhật số đếm chứng từ đang chờ"",""operation"":null,""object_labels"":[]}],""members"":[{""id"":""pmkt_frontend"",""name"":""PMKT (Front-end)"",""tier"":""client"",""description"":""Giao diện website và các màn hình nghiệp vụ cho người dùng""},{""id"":""pmkt_core"",""name"":""PMKT (Core)"",""tier"":""server"",""description"":""Xử lý logic nghiệp vụ, lưu dữ liệu, hạch toán và tích hợp""}],""hints"":{}}",pmkt_frontend,verb,false,needs_domain_review
T15-050,dev,"{""row_text"":""Lọc lại bảng ngay theo điều kiện vừa đặt và cập nhật số đếm chứng từ đang chờ; tập rỗng thì hiện dòng thông báo không có chứng từ nào khớp (BR-05)"",""subject"":{""text"":""Hệ thống"",""resolution"":""generic""},""substeps"":[{""step_key"":""7a323aaa76fd:50"",""quote"":""Lọc lại bảng ngay theo điều kiện vừa đặt và cập nhật số đếm chứng từ đang chờ; tập rỗng thì hiện dòng thông báo không có chứng từ nào khớp (BR-05)"",""operation"":null,""object_labels"":[]}],""members"":[{""id"":""pmkt_frontend"",""name"":""PMKT (Front-end)"",""tier"":""client"",""description"":""Giao diện website và các màn hình nghiệp vụ cho người dùng""},{""id"":""pmkt_core"",""name"":""PMKT (Core)"",""tier"":""server"",""description"":""Xử lý logic nghiệp vụ, lưu dữ liệu, hạch toán và tích hợp""}],""hints"":{}}",pmkt_frontend,verb,false,needs_domain_review
T15-051,dev,"{""row_text"":""Đóng popup, nạp chứng từ gốc vào vùng ①, kế thừa toàn bộ dòng hàng sang bảng Dòng hàng trên hoá đơn theo quan hệ một–một, dựng khối Hoá đơn của chứng từ với một tờ hoá đơn và bốn ô nhà cung cấp lấy sẵn từ hồ sơ nhà cung cấp của chứng từ gốc, điền sẵn Diễn giải theo số chứng từ gốc, và hiện thông báo nêu số dòng hàng đã kế thừa (BR-06, BR-08, BR-09)"",""subject"":{""text"":""Hệ thống"",""resolution"":""generic""},""substeps"":[{""step_key"":""32f1a723eba2:51"",""quote"":""Đóng popup, nạp chứng từ gốc vào vùng ①, kế thừa toàn bộ dòng hàng sang bảng Dòng hàng trên hoá đơn theo quan hệ một–một, dựng khối Hoá đơn của chứng từ với một tờ hoá đơn và bốn ô nhà cung cấp lấy sẵn từ hồ sơ nhà cung cấp của chứng từ gốc, điền sẵn Diễn giải theo số chứng từ gốc, và hiện thông báo nêu số dòng hàng đã kế thừa (BR-06, BR-08, BR-09)"",""operation"":null,""object_labels"":[]}],""members"":[{""id"":""pmkt_frontend"",""name"":""PMKT (Front-end)"",""tier"":""client"",""description"":""Giao diện website và các màn hình nghiệp vụ cho người dùng""},{""id"":""pmkt_core"",""name"":""PMKT (Core)"",""tier"":""server"",""description"":""Xử lý logic nghiệp vụ, lưu dữ liệu, hạch toán và tích hợp""}],""hints"":{}}",pmkt_frontend,verb,true,needs_domain_review
T15-052,dev,"{""row_text"":""Kiểm ngay: hai ô còn trống thì chip Đã nhập ngày chứng từ và ngày hạch toán chưa đạt; Ngày hạch toán thuộc kỳ đã khoá thì báo đỏ, hiện băng cảnh báo nêu mốc khoá sổ và chip Kỳ kế toán đang mở chưa đạt; Ngày hạch toán lớn hơn ngày hiện tại thì chip Ngày hạch toán không ở tương lai chưa đạt. Tờ hoá đơn nào còn trống Ngày hoá đơn thì được điền sẵn theo Ngày chứng từ vừa nhập (BR-11, BR-17, BR-29, BR-30)"",""subject"":{""text"":""Hệ thống"",""resolution"":""generic""},""substeps"":[{""step_key"":""5c5e536fd47d:52"",""quote"":""Ngày hạch toán thuộc kỳ đã khoá thì báo đỏ, hiện băng cảnh báo nêu mốc khoá sổ và chip Kỳ kế toán đang mở chưa đạt"",""operation"":null,""object_labels"":[]}],""members"":[{""id"":""pmkt_frontend"",""name"":""PMKT (Front-end)"",""tier"":""client"",""description"":""Giao diện website và các màn hình nghiệp vụ cho người dùng""},{""id"":""pmkt_core"",""name"":""PMKT (Core)"",""tier"":""server"",""description"":""Xử lý logic nghiệp vụ, lưu dữ liệu, hạch toán và tích hợp""}],""hints"":{}}",pmkt_frontend,verb,false,needs_domain_review
T15-053,dev,"{""row_text"":""Ghi nhận giá trị vừa nhập, không vẽ lại màn"",""subject"":{""text"":""Hệ thống"",""resolution"":""generic""},""substeps"":[{""step_key"":""146050f98d39:53"",""quote"":""Ghi nhận giá trị vừa nhập, không vẽ lại màn"",""operation"":null,""object_labels"":[]}],""members"":[{""id"":""pmkt_frontend"",""name"":""PMKT (Front-end)"",""tier"":""client"",""description"":""Giao diện website và các màn hình nghiệp vụ cho người dùng""},{""id"":""pmkt_core"",""name"":""PMKT (Core)"",""tier"":""server"",""description"":""Xử lý logic nghiệp vụ, lưu dữ liệu, hạch toán và tích hợp""}],""hints"":{}}",pmkt_core,verb,false,needs_domain_review
T15-054,dev,"{""row_text"":""Ánh bốn trường vừa nhập xuống mọi dòng hàng thuộc tờ hoá đơn đó"",""subject"":{""text"":""Hệ thống"",""resolution"":""generic""},""substeps"":[{""step_key"":""67300c2e1b44:54"",""quote"":""Ánh bốn trường vừa nhập xuống mọi dòng hàng thuộc tờ hoá đơn đó"",""operation"":null,""object_labels"":[]}],""members"":[{""id"":""pmkt_frontend"",""name"":""PMKT (Front-end)"",""tier"":""client"",""description"":""Giao diện website và các màn hình nghiệp vụ cho người dùng""},{""id"":""pmkt_core"",""name"":""PMKT (Core)"",""tier"":""server"",""description"":""Xử lý logic nghiệp vụ, lưu dữ liệu, hạch toán và tích hợp""}],""hints"":{}}",insufficient_evidence,context,false,needs_domain_review
T15-055,dev,"{""row_text"":""Tính lại Tiền thuế GTGT của dòng vừa đổi, gợi lại TK thuế GTGT theo tài khoản thuế đầu vào của mức thuế suất vừa chọn, rồi cập nhật dòng Cộng của bảng và hai số tổng của tờ hoá đơn; dòng nào còn thiếu % thuế GTGT thì chip Đủ %GTGT chưa đạt (BR-10, BR-25, BR-35, BR-42)"",""subject"":{""text"":""Hệ thống"",""resolution"":""generic""},""substeps"":[{""step_key"":""e7083c6b48da:55"",""quote"":""Tính lại Tiền thuế GTGT của dòng vừa đổi, gợi lại TK thuế GTGT theo tài khoản thuế đầu vào của mức thuế suất vừa chọn, rồi cập nhật dòng Cộng của bảng và hai số tổng của tờ hoá đơn"",""operation"":null,""object_labels"":[]}],""members"":[{""id"":""pmkt_frontend"",""name"":""PMKT (Front-end)"",""tier"":""client"",""description"":""Giao diện website và các màn hình nghiệp vụ cho người dùng""},{""id"":""pmkt_core"",""name"":""PMKT (Core)"",""tier"":""server"",""description"":""Xử lý logic nghiệp vụ, lưu dữ liệu, hạch toán và tích hợp""}],""hints"":{}}",pmkt_core,verb,true,needs_domain_review
T15-056,dev,"{""row_text"":""Tính lại Tiền thuế GTGT của dòng vừa đổi, gợi lại TK thuế GTGT theo tài khoản thuế đầu vào của mức thuế suất vừa chọn, rồi cập nhật dòng Cộng của bảng và hai số tổng của tờ hoá đơn; dòng nào còn thiếu % thuế GTGT thì chip Đủ %GTGT chưa đạt (BR-10, BR-25, BR-35, BR-42)"",""subject"":{""text"":""Hệ thống"",""resolution"":""generic""},""substeps"":[{""step_key"":""e7083c6b48da:56"",""quote"":""Tính lại Tiền thuế GTGT của dòng vừa đổi, gợi lại TK thuế GTGT theo tài khoản thuế đầu vào của mức thuế suất vừa chọn, rồi cập nhật dòng Cộng của bảng và hai số tổng của tờ hoá đơn; dòng nào còn thiếu % thuế GTGT thì chip Đủ %GTGT chưa đạt (BR-10, BR-25, BR-35, BR-42)"",""operation"":null,""object_labels"":[]}],""members"":[{""id"":""pmkt_frontend"",""name"":""PMKT (Front-end)"",""tier"":""client"",""description"":""Giao diện website và các màn hình nghiệp vụ cho người dùng""},{""id"":""pmkt_core"",""name"":""PMKT (Core)"",""tier"":""server"",""description"":""Xử lý logic nghiệp vụ, lưu dữ liệu, hạch toán và tích hợp""}],""hints"":{}}",pmkt_core,verb,true,needs_domain_review
T15-057,dev,"{""row_text"":""Thêm một tờ hoá đơn rỗng"",""subject"":{""text"":""Hệ thống"",""resolution"":""generic""},""substeps"":[{""step_key"":""736824e8ad12:57"",""quote"":""Thêm một tờ hoá đơn rỗng"",""operation"":null,""object_labels"":[]}],""members"":[{""id"":""pmkt_frontend"",""name"":""PMKT (Front-end)"",""tier"":""client"",""description"":""Giao diện website và các màn hình nghiệp vụ cho người dùng""},{""id"":""pmkt_core"",""name"":""PMKT (Core)"",""tier"":""server"",""description"":""Xử lý logic nghiệp vụ, lưu dữ liệu, hạch toán và tích hợp""}],""hints"":{}}",insufficient_evidence,context,false,needs_domain_review
T15-058,dev,"{""row_text"":""Gán dòng về tờ hoá đơn đã chọn, ánh bốn trường hoá đơn của tờ đó xuống dòng, tính lại tổng của từng tờ và của cả bảng (BR-08, BR-10)"",""subject"":{""text"":""Hệ thống"",""resolution"":""generic""},""substeps"":[{""step_key"":""f58ff7820428:58"",""quote"":""Gán dòng về tờ hoá đơn đã chọn, ánh bốn trường hoá đơn của tờ đó xuống dòng, tính lại tổng của từng tờ và của cả bảng (BR-08, BR-10)"",""operation"":null,""object_labels"":[]}],""members"":[{""id"":""pmkt_frontend"",""name"":""PMKT (Front-end)"",""tier"":""client"",""description"":""Giao diện website và các màn hình nghiệp vụ cho người dùng""},{""id"":""pmkt_core"",""name"":""PMKT (Core)"",""tier"":""server"",""description"":""Xử lý logic nghiệp vụ, lưu dữ liệu, hạch toán và tích hợp""}],""hints"":{}}",pmkt_core,verb,false,needs_domain_review
T15-059,dev,"{""row_text"":""Bỏ tờ hoá đơn đó, trả những dòng đang gán về nó về trạng thái chưa gán"",""subject"":{""text"":""Hệ thống"",""resolution"":""generic""},""substeps"":[{""step_key"":""564885401735:59"",""quote"":""Bỏ tờ hoá đơn đó, trả những dòng đang gán về nó về trạng thái chưa gán"",""operation"":null,""object_labels"":[]}],""members"":[{""id"":""pmkt_frontend"",""name"":""PMKT (Front-end)"",""tier"":""client"",""description"":""Giao diện website và các màn hình nghiệp vụ cho người dùng""},{""id"":""pmkt_core"",""name"":""PMKT (Core)"",""tier"":""server"",""description"":""Xử lý logic nghiệp vụ, lưu dữ liệu, hạch toán và tích hợp""}],""hints"":{}}",insufficient_evidence,context,false,needs_domain_review
T15-060,dev,"{""row_text"":""Kiểm số chứng từ: đã có trên một chứng từ khác của dải chứng từ nghiệp vụ khác thì mở hộp thoại Không lưu được rồi dừng, không ghi gì. Không trùng thì sinh một chứng từ nghiệp vụ khác độc lập ở trạng thái Đã ghi sổ, mang số chứng từ, hai ngày, diễn giải, nhà cung cấp, số chứng từ gốc, toàn bộ hoá đơn vừa khai và tổng Tiền thuế GTGT của lượt này; sinh bút toán Nợ TK thuế GTGT / Có TK 331 theo tổng tiền thuế; không ghi một dữ liệu nào vào chứng từ gốc — chứng từ gốc chỉ được tham chiếu tới; cấp số mới cho lượt thêm hoá đơn kế tiếp (BR-18, BR-19, BR-20, BR-39)"",""subject"":{""text"":""Hệ thống"",""resolution"":""generic""},""substeps"":[{""step_key"":""240697b422ce:60"",""quote"":""sinh bút toán Nợ TK thuế GTGT / Có TK 331 theo tổng tiền thuế"",""operation"":null,""object_labels"":[]}],""members"":[{""id"":""pmkt_frontend"",""name"":""PMKT (Front-end)"",""tier"":""client"",""description"":""Giao diện website và các màn hình nghiệp vụ cho người dùng""},{""id"":""pmkt_core"",""name"":""PMKT (Core)"",""tier"":""server"",""description"":""Xử lý logic nghiệp vụ, lưu dữ liệu, hạch toán và tích hợp""}],""hints"":{}}",pmkt_core,verb,false,needs_domain_review
T15-061,dev,"{""row_text"":""Quay về màn Hoá đơn và hiện thông báo nêu số chứng từ nghiệp vụ khác, số hoá đơn đã khai, chứng từ gốc và việc tham chiếu đã hiện trên chứng từ gốc"",""subject"":{""text"":""Hệ thống"",""resolution"":""generic""},""substeps"":[{""step_key"":""7a03fe731f36:61"",""quote"":""Quay về màn Hoá đơn và hiện thông báo nêu số chứng từ nghiệp vụ khác, số hoá đơn đã khai, chứng từ gốc và việc tham chiếu đã hiện trên chứng từ gốc"",""operation"":null,""object_labels"":[]}],""members"":[{""id"":""pmkt_frontend"",""name"":""PMKT (Front-end)"",""tier"":""client"",""description"":""Giao diện website và các màn hình nghiệp vụ cho người dùng""},{""id"":""pmkt_core"",""name"":""PMKT (Core)"",""tier"":""server"",""description"":""Xử lý logic nghiệp vụ, lưu dữ liệu, hạch toán và tích hợp""}],""hints"":{}}",pmkt_frontend,verb,false,needs_domain_review
T15-062,dev,"{""row_text"":""Kiểm số chứng từ như bước 34; không trùng thì sinh chứng từ nghiệp vụ khác ở trạng thái Chưa ghi sổ và không sinh bút toán. Hoá đơn vừa khai đã lên danh sách hoá đơn ngay, mang nhãn Chưa ghi sổ; riêng vùng Tham chiếu của chứng từ gốc chưa hiện chứng từ này. Quay về màn Hoá đơn và hiện thông báo nêu đúng hai điều đó (BR-34, BR-39)"",""subject"":{""text"":""Hệ thống"",""resolution"":""generic""},""substeps"":[{""step_key"":""05c03126a7b5:62"",""quote"":""Kiểm số chứng từ như bước 34"",""operation"":null,""object_labels"":[]}],""members"":[{""id"":""pmkt_frontend"",""name"":""PMKT (Front-end)"",""tier"":""client"",""description"":""Giao diện website và các màn hình nghiệp vụ cho người dùng""},{""id"":""pmkt_core"",""name"":""PMKT (Core)"",""tier"":""server"",""description"":""Xử lý logic nghiệp vụ, lưu dữ liệu, hạch toán và tích hợp""}],""hints"":{}}",pmkt_core,verb,false,needs_domain_review
T15-063,dev,"{""row_text"":""Kiểm số chứng từ như bước 34; không trùng thì sinh chứng từ nghiệp vụ khác ở trạng thái Chưa ghi sổ và không sinh bút toán. Hoá đơn vừa khai đã lên danh sách hoá đơn ngay, mang nhãn Chưa ghi sổ; riêng vùng Tham chiếu của chứng từ gốc chưa hiện chứng từ này. Quay về màn Hoá đơn và hiện thông báo nêu đúng hai điều đó (BR-34, BR-39)"",""subject"":{""text"":""Hệ thống"",""resolution"":""generic""},""substeps"":[{""step_key"":""05c03126a7b5:63"",""quote"":""Kiểm số chứng từ như bước 34; không trùng thì sinh chứng từ nghiệp vụ khác ở trạng thái Chưa ghi sổ và không sinh bút toán. Hoá đơn vừa khai đã lên danh sách hoá đơn ngay, mang nhãn Chưa ghi sổ; riêng vùng Tham chiếu của chứng từ gốc chưa hiện chứng từ này. Quay về màn Hoá đơn và hiện thông báo nêu đúng hai điều đó (BR-34, BR-39)"",""operation"":null,""object_labels"":[]}],""members"":[{""id"":""pmkt_frontend"",""name"":""PMKT (Front-end)"",""tier"":""client"",""description"":""Giao diện website và các màn hình nghiệp vụ cho người dùng""},{""id"":""pmkt_core"",""name"":""PMKT (Core)"",""tier"":""server"",""description"":""Xử lý logic nghiệp vụ, lưu dữ liệu, hạch toán và tích hợp""}],""hints"":{}}",pmkt_core,verb,true,needs_domain_review
T15-064,dev,"{""row_text"":""Kiểm số chứng từ như bước 34; không trùng thì sinh chứng từ nghiệp vụ khác ở trạng thái Chưa ghi sổ và không sinh bút toán. Hoá đơn vừa khai đã lên danh sách hoá đơn ngay, mang nhãn Chưa ghi sổ; riêng vùng Tham chiếu của chứng từ gốc chưa hiện chứng từ này. Quay về màn Hoá đơn và hiện thông báo nêu đúng hai điều đó (BR-34, BR-39)"",""subject"":{""text"":""Hệ thống"",""resolution"":""generic""},""substeps"":[{""step_key"":""05c03126a7b5:64"",""quote"":""riêng vùng Tham chiếu của chứng từ gốc chưa hiện chứng từ này. Quay về màn Hoá đơn và hiện thông báo nêu đúng hai điều đó (BR-34, BR-39)"",""operation"":null,""object_labels"":[]}],""members"":[{""id"":""pmkt_frontend"",""name"":""PMKT (Front-end)"",""tier"":""client"",""description"":""Giao diện website và các màn hình nghiệp vụ cho người dùng""},{""id"":""pmkt_core"",""name"":""PMKT (Core)"",""tier"":""server"",""description"":""Xử lý logic nghiệp vụ, lưu dữ liệu, hạch toán và tích hợp""}],""hints"":{}}",pmkt_frontend,verb,false,needs_domain_review
T15-065,dev,"{""row_text"":""Chứng từ gốc vẫn rời khỏi popup Chọn chứng từ gốc ngay từ lúc lưu nháp"",""subject"":{""text"":""Hệ thống"",""resolution"":""generic""},""substeps"":[{""step_key"":""a4125438edcf:65"",""quote"":""Chứng từ gốc vẫn rời khỏi popup Chọn chứng từ gốc ngay từ lúc lưu nháp"",""operation"":null,""object_labels"":[]}],""members"":[{""id"":""pmkt_frontend"",""name"":""PMKT (Front-end)"",""tier"":""client"",""description"":""Giao diện website và các màn hình nghiệp vụ cho người dùng""},{""id"":""pmkt_core"",""name"":""PMKT (Core)"",""tier"":""server"",""description"":""Xử lý logic nghiệp vụ, lưu dữ liệu, hạch toán và tích hợp""}],""hints"":{}}",insufficient_evidence,context,false,needs_domain_review
T15-066,dev,"{""row_text"":""Bỏ toàn bộ thông tin đang khai, không ghi gì, quay về màn Hoá đơn (BR-23)"",""subject"":{""text"":""Hệ thống"",""resolution"":""generic""},""substeps"":[{""step_key"":""ec2a1100766f:66"",""quote"":""Bỏ toàn bộ thông tin đang khai, không ghi gì, quay về màn Hoá đơn (BR-23)"",""operation"":null,""object_labels"":[]}],""members"":[{""id"":""pmkt_frontend"",""name"":""PMKT (Front-end)"",""tier"":""client"",""description"":""Giao diện website và các màn hình nghiệp vụ cho người dùng""},{""id"":""pmkt_core"",""name"":""PMKT (Core)"",""tier"":""server"",""description"":""Xử lý logic nghiệp vụ, lưu dữ liệu, hạch toán và tích hợp""}],""hints"":{}}",pmkt_frontend,verb,false,needs_domain_review
T15-067,dev,"{""row_text"":""Mở màn ở chế độ Xem chi tiết, dựng lại từ chứng từ đã lưu — hai ngày, diễn giải, các tờ hoá đơn, % thuế GTGT, Tiền thuế GTGT và TK thuế GTGT từng dòng; dòng hàng đọc lại từ chứng từ gốc. Breadcrumb mang số chứng từ, nhãn trạng thái đúng trạng thái đang lưu; mọi ô chỉ đọc; không có nút Đổi, Thêm số hoá đơn, nút xoá tờ và dải chip; chân trang dựng theo trạng thái, nút không thực hiện được khoá kèm lý do (BR-36, BR-37, BR-38)"",""subject"":{""text"":""Hệ thống"",""resolution"":""generic""},""substeps"":[{""step_key"":""e0f5562c8443:67"",""quote"":""Mở màn ở chế độ Xem chi tiết, dựng lại từ chứng từ đã lưu — hai ngày, diễn giải, các tờ hoá đơn, % thuế GTGT, Tiền thuế GTGT và TK thuế GTGT từng dòng"",""operation"":null,""object_labels"":[]}],""members"":[{""id"":""pmkt_frontend"",""name"":""PMKT (Front-end)"",""tier"":""client"",""description"":""Giao diện website và các màn hình nghiệp vụ cho người dùng""},{""id"":""pmkt_core"",""name"":""PMKT (Core)"",""tier"":""server"",""description"":""Xử lý logic nghiệp vụ, lưu dữ liệu, hạch toán và tích hợp""}],""hints"":{}}",pmkt_frontend,verb,false,needs_domain_review
T15-068,dev,"{""row_text"":""Quay về màn Hoá đơn"",""subject"":{""text"":""Hệ thống"",""resolution"":""generic""},""substeps"":[{""step_key"":""ae7fce45a6b5:68"",""quote"":""Quay về màn Hoá đơn"",""operation"":null,""object_labels"":[]}],""members"":[{""id"":""pmkt_frontend"",""name"":""PMKT (Front-end)"",""tier"":""client"",""description"":""Giao diện website và các màn hình nghiệp vụ cho người dùng""},{""id"":""pmkt_core"",""name"":""PMKT (Core)"",""tier"":""server"",""description"":""Xử lý logic nghiệp vụ, lưu dữ liệu, hạch toán và tích hợp""}],""hints"":{}}",pmkt_frontend,verb,false,needs_domain_review
T15-069,dev,"{""row_text"":""Đổi trạng thái về Chưa ghi sổ, hiện thông báo và vẽ lại màn ở chế độ Xem chi tiết — chân trang thành Đóng · Xoá · Ghi sổ · Sửa; dòng hoá đơn vẫn ở nguyên danh sách hoá đơn nhưng đổi nhãn sang Chưa ghi sổ, tham chiếu rời chứng từ gốc; chứng từ gốc không quay lại danh sách chờ (BR-21, BR-38)"",""subject"":{""text"":""Hệ thống"",""resolution"":""generic""},""substeps"":[{""step_key"":""886d4aec508b:69"",""quote"":""Đổi trạng thái về Chưa ghi sổ, hiện thông báo và vẽ lại màn ở chế độ Xem chi tiết — chân trang thành Đóng · Xoá · Ghi sổ · Sửa"",""operation"":null,""object_labels"":[]}],""members"":[{""id"":""pmkt_frontend"",""name"":""PMKT (Front-end)"",""tier"":""client"",""description"":""Giao diện website và các màn hình nghiệp vụ cho người dùng""},{""id"":""pmkt_core"",""name"":""PMKT (Core)"",""tier"":""server"",""description"":""Xử lý logic nghiệp vụ, lưu dữ liệu, hạch toán và tích hợp""}],""hints"":{}}",pmkt_core,verb,true,needs_domain_review
T15-070,dev,"{""row_text"":""Đổi trạng thái về Chưa ghi sổ, hiện thông báo và vẽ lại màn ở chế độ Xem chi tiết — chân trang thành Đóng · Xoá · Ghi sổ · Sửa; dòng hoá đơn vẫn ở nguyên danh sách hoá đơn nhưng đổi nhãn sang Chưa ghi sổ, tham chiếu rời chứng từ gốc; chứng từ gốc không quay lại danh sách chờ (BR-21, BR-38)"",""subject"":{""text"":""Hệ thống"",""resolution"":""generic""},""substeps"":[{""step_key"":""886d4aec508b:70"",""quote"":""Đổi trạng thái về Chưa ghi sổ, hiện thông báo và vẽ lại màn ở chế độ Xem chi tiết — chân trang thành Đóng · Xoá · Ghi sổ · Sửa; dòng hoá đơn vẫn ở nguyên danh sách hoá đơn nhưng đổi nhãn sang Chưa ghi sổ, tham chiếu rời chứng từ gốc; chứng từ gốc không quay lại danh sách chờ (BR-21, BR-38)"",""operation"":null,""object_labels"":[]}],""members"":[{""id"":""pmkt_frontend"",""name"":""PMKT (Front-end)"",""tier"":""client"",""description"":""Giao diện website và các màn hình nghiệp vụ cho người dùng""},{""id"":""pmkt_core"",""name"":""PMKT (Core)"",""tier"":""server"",""description"":""Xử lý logic nghiệp vụ, lưu dữ liệu, hạch toán và tích hợp""}],""hints"":{}}",pmkt_core,verb,true,needs_domain_review
T15-071,dev,"{""row_text"":""Phản hồi đúng như các bước tương ứng của nhóm B · C · D · E"",""subject"":{""text"":""Hệ thống"",""resolution"":""generic""},""substeps"":[{""step_key"":""858795ac1ddd:71"",""quote"":""Phản hồi đúng như các bước tương ứng của nhóm B · C · D · E"",""operation"":null,""object_labels"":[]}],""members"":[{""id"":""pmkt_frontend"",""name"":""PMKT (Front-end)"",""tier"":""client"",""description"":""Giao diện website và các màn hình nghiệp vụ cho người dùng""},{""id"":""pmkt_core"",""name"":""PMKT (Core)"",""tier"":""server"",""description"":""Xử lý logic nghiệp vụ, lưu dữ liệu, hạch toán và tích hợp""}],""hints"":{}}",insufficient_evidence,context,false,needs_domain_review
T15-072,dev,"{""row_text"":""Nút bật theo cùng điều kiện với chế độ Thêm; kiểm số chứng từ không trùng, không tính chính chứng từ đang sửa; ghi đè đúng chứng từ đang sửa, giữ nguyên số, không cấp số mới; trạng thái lưu theo nút đã bấm; quay về màn Hoá đơn và hiện thông báo như bước 35 / 39 (BR-15, BR-36, BR-39)"",""subject"":{""text"":""Hệ thống"",""resolution"":""generic""},""substeps"":[{""step_key"":""39ebac7797a5:72"",""quote"":""Nút bật theo cùng điều kiện với chế độ Thêm; kiểm số chứng từ không trùng, không tính chính chứng từ đang sửa; ghi đè đúng chứng từ đang sửa, giữ nguyên số, không cấp số mới; trạng thái lưu theo nút đã bấm; quay về màn Hoá đơn và hiện thông báo như bước 35 / 39 (BR-15, BR-36, BR-39)"",""operation"":null,""object_labels"":[]}],""members"":[{""id"":""pmkt_frontend"",""name"":""PMKT (Front-end)"",""tier"":""client"",""description"":""Giao diện website và các màn hình nghiệp vụ cho người dùng""},{""id"":""pmkt_core"",""name"":""PMKT (Core)"",""tier"":""server"",""description"":""Xử lý logic nghiệp vụ, lưu dữ liệu, hạch toán và tích hợp""}],""hints"":{}}",pmkt_core,verb,true,needs_domain_review
T15-073,dev,"{""row_text"":""Nút bật theo cùng điều kiện với chế độ Thêm; kiểm số chứng từ không trùng, không tính chính chứng từ đang sửa; ghi đè đúng chứng từ đang sửa, giữ nguyên số, không cấp số mới; trạng thái lưu theo nút đã bấm; quay về màn Hoá đơn và hiện thông báo như bước 35 / 39 (BR-15, BR-36, BR-39)"",""subject"":{""text"":""Hệ thống"",""resolution"":""generic""},""substeps"":[{""step_key"":""39ebac7797a5:73"",""quote"":""kiểm số chứng từ không trùng, không tính chính chứng từ đang sửa"",""operation"":null,""object_labels"":[]}],""members"":[{""id"":""pmkt_frontend"",""name"":""PMKT (Front-end)"",""tier"":""client"",""description"":""Giao diện website và các màn hình nghiệp vụ cho người dùng""},{""id"":""pmkt_core"",""name"":""PMKT (Core)"",""tier"":""server"",""description"":""Xử lý logic nghiệp vụ, lưu dữ liệu, hạch toán và tích hợp""}],""hints"":{}}",pmkt_core,verb,false,needs_domain_review
T15-074,dev,"{""row_text"":""Nút bật theo cùng điều kiện với chế độ Thêm; kiểm số chứng từ không trùng, không tính chính chứng từ đang sửa; ghi đè đúng chứng từ đang sửa, giữ nguyên số, không cấp số mới; trạng thái lưu theo nút đã bấm; quay về màn Hoá đơn và hiện thông báo như bước 35 / 39 (BR-15, BR-36, BR-39)"",""subject"":{""text"":""Hệ thống"",""resolution"":""generic""},""substeps"":[{""step_key"":""39ebac7797a5:74"",""quote"":""quay về màn Hoá đơn và hiện thông báo như bước"",""operation"":null,""object_labels"":[]}],""members"":[{""id"":""pmkt_frontend"",""name"":""PMKT (Front-end)"",""tier"":""client"",""description"":""Giao diện website và các màn hình nghiệp vụ cho người dùng""},{""id"":""pmkt_core"",""name"":""PMKT (Core)"",""tier"":""server"",""description"":""Xử lý logic nghiệp vụ, lưu dữ liệu, hạch toán và tích hợp""}],""hints"":{}}",pmkt_frontend,verb,false,needs_domain_review
T15-075,dev,"{""row_text"":""Xoá chứng từ nghiệp vụ khác cùng toàn bộ hoá đơn nó giữ, nên những dòng hoá đơn đó rời khỏi danh sách hoá đơn; quay về màn Hoá đơn và hiện thông báo; chứng từ gốc còn thoả điều kiện chờ thì quay lại popup Chọn chứng từ gốc và thông báo nêu điều đó (BR-21, BR-37)"",""subject"":{""text"":""Hệ thống"",""resolution"":""generic""},""substeps"":[{""step_key"":""0a24b6fdbc96:75"",""quote"":""Xoá chứng từ nghiệp vụ khác cùng toàn bộ hoá đơn nó giữ, nên những dòng hoá đơn đó rời khỏi danh sách hoá đơn"",""operation"":null,""object_labels"":[]}],""members"":[{""id"":""pmkt_frontend"",""name"":""PMKT (Front-end)"",""tier"":""client"",""description"":""Giao diện website và các màn hình nghiệp vụ cho người dùng""},{""id"":""pmkt_core"",""name"":""PMKT (Core)"",""tier"":""server"",""description"":""Xử lý logic nghiệp vụ, lưu dữ liệu, hạch toán và tích hợp""}],""hints"":{}}",pmkt_core,verb,false,needs_domain_review
T15-076,dev,"{""row_text"":""Xoá chứng từ nghiệp vụ khác cùng toàn bộ hoá đơn nó giữ, nên những dòng hoá đơn đó rời khỏi danh sách hoá đơn; quay về màn Hoá đơn và hiện thông báo; chứng từ gốc còn thoả điều kiện chờ thì quay lại popup Chọn chứng từ gốc và thông báo nêu điều đó (BR-21, BR-37)"",""subject"":{""text"":""Hệ thống"",""resolution"":""generic""},""substeps"":[{""step_key"":""0a24b6fdbc96:76"",""quote"":""Xoá chứng từ nghiệp vụ khác cùng toàn bộ hoá đơn nó giữ, nên những dòng hoá đơn đó rời khỏi danh sách hoá đơn; quay về màn Hoá đơn và hiện thông báo; chứng từ gốc còn thoả điều kiện chờ thì quay lại popup Chọn chứng từ gốc và thông báo nêu điều đó (BR-21, BR-37)"",""operation"":null,""object_labels"":[]}],""members"":[{""id"":""pmkt_frontend"",""name"":""PMKT (Front-end)"",""tier"":""client"",""description"":""Giao diện website và các màn hình nghiệp vụ cho người dùng""},{""id"":""pmkt_core"",""name"":""PMKT (Core)"",""tier"":""server"",""description"":""Xử lý logic nghiệp vụ, lưu dữ liệu, hạch toán và tích hợp""}],""hints"":{}}",pmkt_core,verb,true,needs_domain_review
T15-077,dev,"{""row_text"":""Xoá chứng từ nghiệp vụ khác cùng toàn bộ hoá đơn nó giữ, nên những dòng hoá đơn đó rời khỏi danh sách hoá đơn; quay về màn Hoá đơn và hiện thông báo; chứng từ gốc còn thoả điều kiện chờ thì quay lại popup Chọn chứng từ gốc và thông báo nêu điều đó (BR-21, BR-37)"",""subject"":{""text"":""Hệ thống"",""resolution"":""generic""},""substeps"":[{""step_key"":""0a24b6fdbc96:77"",""quote"":""quay về màn Hoá đơn và hiện thông báo"",""operation"":null,""object_labels"":[]}],""members"":[{""id"":""pmkt_frontend"",""name"":""PMKT (Front-end)"",""tier"":""client"",""description"":""Giao diện website và các màn hình nghiệp vụ cho người dùng""},{""id"":""pmkt_core"",""name"":""PMKT (Core)"",""tier"":""server"",""description"":""Xử lý logic nghiệp vụ, lưu dữ liệu, hạch toán và tích hợp""}],""hints"":{}}",pmkt_frontend,verb,false,needs_domain_review
T15-078,eval,"{""row_text"":""Hiển thị màn hình khởi tạo giao dịch với:; - Danh sách tài khoản nguồn hợp lệ; - Danh sách ngân hàng thụ hưởng trong nước"",""subject"":{""text"":""VCB Digibank"",""resolution"":""combined""},""substeps"":[{""step_key"":""94fa29295efb:78"",""quote"":""Hiển thị màn hình khởi tạo giao dịch với:"",""operation"":null,""object_labels"":[]}],""members"":[{""id"":""vcb_mobile"",""name"":""VCB Digibank Mobile"",""tier"":""client"",""description"":""Giao diện ứng dụng mobile cho khách hàng""},{""id"":""vcb_server"",""name"":""VCB Digibank Server"",""tier"":""server"",""description"":""Xử lý nghiệp vụ giao dịch và điều phối các hệ thống liên quan""}],""hints"":{}}",vcb_mobile,verb,false,needs_domain_review
T15-079,eval,"{""row_text"":""Hiển thị màn hình khởi tạo giao dịch với:; - Danh sách tài khoản nguồn hợp lệ; - Danh sách ngân hàng thụ hưởng trong nước"",""subject"":{""text"":""VCB Digibank"",""resolution"":""combined""},""substeps"":[{""step_key"":""94fa29295efb:79"",""quote"":""Hiển thị màn hình khởi tạo giao dịch với:; - Danh sách tài khoản nguồn hợp lệ; - Danh sách ngân hàng thụ hưởng trong nước"",""operation"":null,""object_labels"":[]}],""members"":[{""id"":""vcb_mobile"",""name"":""VCB Digibank Mobile"",""tier"":""client"",""description"":""Giao diện ứng dụng mobile cho khách hàng""},{""id"":""vcb_server"",""name"":""VCB Digibank Server"",""tier"":""server"",""description"":""Xử lý nghiệp vụ giao dịch và điều phối các hệ thống liên quan""}],""hints"":{}}",vcb_mobile,verb,false,needs_domain_review
T15-080,eval,"{""row_text"":""Thực hiện kiểm tra thông tin thụ hưởng và hiển thị tên người thụ hưởng cho KH"",""subject"":{""text"":""VCB Digibank"",""resolution"":""combined""},""substeps"":[{""step_key"":""a5532dc12e75:80"",""quote"":""Thực hiện kiểm tra thông tin thụ hưởng và hiển thị tên người thụ hưởng cho KH"",""operation"":null,""object_labels"":[]}],""members"":[{""id"":""vcb_mobile"",""name"":""VCB Digibank Mobile"",""tier"":""client"",""description"":""Giao diện ứng dụng mobile cho khách hàng""},{""id"":""vcb_server"",""name"":""VCB Digibank Server"",""tier"":""server"",""description"":""Xử lý nghiệp vụ giao dịch và điều phối các hệ thống liên quan""}],""hints"":{}}",vcb_server,verb,true,needs_domain_review
T15-081,eval,"{""row_text"":""Kiểm tra tính hợp lệ của tài khoản nguồn và tài khoản thụ hưởng, kiểm tra các hạn mức giao dịch, tính phí giao dịch và hiển thị màn hình xác nhận"",""subject"":{""text"":""VCB Digibank"",""resolution"":""combined""},""substeps"":[{""step_key"":""b355305b6093:81"",""quote"":""Kiểm tra tính hợp lệ của tài khoản nguồn và tài khoản thụ hưởng, kiểm tra các hạn mức giao dịch, tính phí giao dịch và hiển thị màn hình xác nhận"",""operation"":null,""object_labels"":[]}],""members"":[{""id"":""vcb_mobile"",""name"":""VCB Digibank Mobile"",""tier"":""client"",""description"":""Giao diện ứng dụng mobile cho khách hàng""},{""id"":""vcb_server"",""name"":""VCB Digibank Server"",""tier"":""server"",""description"":""Xử lý nghiệp vụ giao dịch và điều phối các hệ thống liên quan""}],""hints"":{}}",vcb_server,verb,true,needs_domain_review
T15-082,eval,"{""row_text"":""Thực hiện xác thực giao dịch cho khách hàng, hạch toán tài giao dịch, thông báo kết quả cho KH qua OTT và email, đồng thời hiển thị màn hình kết quả giao dịch"",""subject"":{""text"":""VCB Digibank"",""resolution"":""combined""},""substeps"":[{""step_key"":""1c80e5297a6a:82"",""quote"":""Thực hiện xác thực giao dịch cho khách hàng, hạch toán tài giao dịch, thông báo kết quả cho KH qua OTT và email, đồng thời hiển thị màn hình kết quả giao dịch"",""operation"":null,""object_labels"":[]}],""members"":[{""id"":""vcb_mobile"",""name"":""VCB Digibank Mobile"",""tier"":""client"",""description"":""Giao diện ứng dụng mobile cho khách hàng""},{""id"":""vcb_server"",""name"":""VCB Digibank Server"",""tier"":""server"",""description"":""Xử lý nghiệp vụ giao dịch và điều phối các hệ thống liên quan""}],""hints"":{}}",vcb_server,verb,true,needs_domain_review
T15-083,eval,"{""row_text"":""Hiển thị màn hình khởi tạo giao dịch với danh sách tài khoản nguồn hợp lệ"",""subject"":{""text"":""VCB Digibank"",""resolution"":""combined""},""substeps"":[{""step_key"":""c26a1607f0d7:83"",""quote"":""Hiển thị màn hình khởi tạo giao dịch với danh sách tài khoản nguồn hợp lệ"",""operation"":null,""object_labels"":[]}],""members"":[{""id"":""vcb_mobile"",""name"":""VCB Digibank Mobile"",""tier"":""client"",""description"":""Giao diện ứng dụng mobile cho khách hàng""},{""id"":""vcb_server"",""name"":""VCB Digibank Server"",""tier"":""server"",""description"":""Xử lý nghiệp vụ giao dịch và điều phối các hệ thống liên quan""}],""hints"":{}}",vcb_mobile,verb,false,needs_domain_review
T15-084,eval,"{""row_text"":""Kiểm tra tính hợp lệ của tài khoản nguồn và tài khoản thụ hưởng, kiểm tra hạn mức giao dịch và hiển thị màn hình xác nhận"",""subject"":{""text"":""VCB Digibank"",""resolution"":""combined""},""substeps"":[{""step_key"":""3ae3fa5ccbad:84"",""quote"":""Kiểm tra tính hợp lệ của tài khoản nguồn và tài khoản thụ hưởng, kiểm tra hạn mức giao dịch và hiển thị màn hình xác nhận"",""operation"":null,""object_labels"":[]}],""members"":[{""id"":""vcb_mobile"",""name"":""VCB Digibank Mobile"",""tier"":""client"",""description"":""Giao diện ứng dụng mobile cho khách hàng""},{""id"":""vcb_server"",""name"":""VCB Digibank Server"",""tier"":""server"",""description"":""Xử lý nghiệp vụ giao dịch và điều phối các hệ thống liên quan""}],""hints"":{}}",vcb_server,verb,true,needs_domain_review
T15-085,eval,"{""row_text"":""Xác thực giao dịch, hạch toán giao dịch, thông báo kết quả cho khách hàng và hiển thị màn hình kết quả giao dịch"",""subject"":{""text"":""VCB Digibank"",""resolution"":""combined""},""substeps"":[{""step_key"":""2a92226500d7:85"",""quote"":""Xác thực giao dịch, hạch toán giao dịch, thông báo kết quả cho khách hàng và hiển thị màn hình kết quả giao dịch"",""operation"":null,""object_labels"":[]}],""members"":[{""id"":""vcb_mobile"",""name"":""VCB Digibank Mobile"",""tier"":""client"",""description"":""Giao diện ứng dụng mobile cho khách hàng""},{""id"":""vcb_server"",""name"":""VCB Digibank Server"",""tier"":""server"",""description"":""Xử lý nghiệp vụ giao dịch và điều phối các hệ thống liên quan""}],""hints"":{}}",vcb_server,verb,true,needs_domain_review
T15-086,dev,"{""row_text"":""Xử lý các bước sau:; 1/ Kiểm tra thông tin khung giờ hoạt động ; 2/ Kiểm tra thông tin khách hàng đủ tuổi để thực hiện chức năng; 3/ Kiểm tra thông tin GTTT của khách hàng còn hạn theo thông tư 17; 4/ Gọi bank kiểm tra KH đã thu thập sinh trắc học; 5/ Gọi bank kiểm tra thông tin KH hợp lệ để được phát hành thẻ: không thuộc nhóm blacklist, điều kiện nhóm nợ thỏa mãn; 6/ Gọi bank và xử lý lọc danh sách thẻ để kiểm tra KH chưa có thẻ tín dụng còn hoạt động; 7/ Hiển thị màn hình Thẻ lệ sản phẩm và cam kết"",""subject"":{""text"":""Ứng dụng Digibank"",""resolution"":""combined""},""substeps"":[{""step_key"":""4bd1665e5b10:86"",""quote"":""1/ Kiểm tra thông tin khung giờ hoạt động"",""operation"":null,""object_labels"":[]}],""members"":[{""id"":""vcb_mobile"",""name"":""VCB Digibank Mobile"",""tier"":""client"",""description"":""Giao diện ứng dụng mobile cho khách hàng""},{""id"":""vcb_server"",""name"":""VCB Digibank Server"",""tier"":""server"",""description"":""Xử lý nghiệp vụ giao dịch và điều phối các hệ thống liên quan""}],""hints"":{}}",vcb_server,verb,false,needs_domain_review
T15-087,dev,"{""row_text"":""Xử lý các bước sau:; 1/ Kiểm tra thông tin khung giờ hoạt động ; 2/ Kiểm tra thông tin khách hàng đủ tuổi để thực hiện chức năng; 3/ Kiểm tra thông tin GTTT của khách hàng còn hạn theo thông tư 17; 4/ Gọi bank kiểm tra KH đã thu thập sinh trắc học; 5/ Gọi bank kiểm tra thông tin KH hợp lệ để được phát hành thẻ: không thuộc nhóm blacklist, điều kiện nhóm nợ thỏa mãn; 6/ Gọi bank và xử lý lọc danh sách thẻ để kiểm tra KH chưa có thẻ tín dụng còn hoạt động; 7/ Hiển thị màn hình Thẻ lệ sản phẩm và cam kết"",""subject"":{""text"":""Ứng dụng Digibank"",""resolution"":""combined""},""substeps"":[{""step_key"":""4bd1665e5b10:87"",""quote"":""2/ Kiểm tra thông tin khách hàng đủ tuổi để thực hiện chức năng"",""operation"":null,""object_labels"":[]}],""members"":[{""id"":""vcb_mobile"",""name"":""VCB Digibank Mobile"",""tier"":""client"",""description"":""Giao diện ứng dụng mobile cho khách hàng""},{""id"":""vcb_server"",""name"":""VCB Digibank Server"",""tier"":""server"",""description"":""Xử lý nghiệp vụ giao dịch và điều phối các hệ thống liên quan""}],""hints"":{}}",vcb_server,verb,false,needs_domain_review
T15-088,dev,"{""row_text"":""Xử lý các bước sau:; 1/ Kiểm tra thông tin khung giờ hoạt động ; 2/ Kiểm tra thông tin khách hàng đủ tuổi để thực hiện chức năng; 3/ Kiểm tra thông tin GTTT của khách hàng còn hạn theo thông tư 17; 4/ Gọi bank kiểm tra KH đã thu thập sinh trắc học; 5/ Gọi bank kiểm tra thông tin KH hợp lệ để được phát hành thẻ: không thuộc nhóm blacklist, điều kiện nhóm nợ thỏa mãn; 6/ Gọi bank và xử lý lọc danh sách thẻ để kiểm tra KH chưa có thẻ tín dụng còn hoạt động; 7/ Hiển thị màn hình Thẻ lệ sản phẩm và cam kết"",""subject"":{""text"":""Ứng dụng Digibank"",""resolution"":""combined""},""substeps"":[{""step_key"":""4bd1665e5b10:88"",""quote"":""3/ Kiểm tra thông tin GTTT của khách hàng còn hạn theo thông tư 17"",""operation"":null,""object_labels"":[]}],""members"":[{""id"":""vcb_mobile"",""name"":""VCB Digibank Mobile"",""tier"":""client"",""description"":""Giao diện ứng dụng mobile cho khách hàng""},{""id"":""vcb_server"",""name"":""VCB Digibank Server"",""tier"":""server"",""description"":""Xử lý nghiệp vụ giao dịch và điều phối các hệ thống liên quan""}],""hints"":{}}",vcb_server,verb,false,needs_domain_review
T15-089,dev,"{""row_text"":""Xử lý các bước sau:; 1/ Kiểm tra thông tin khung giờ hoạt động ; 2/ Kiểm tra thông tin khách hàng đủ tuổi để thực hiện chức năng; 3/ Kiểm tra thông tin GTTT của khách hàng còn hạn theo thông tư 17; 4/ Gọi bank kiểm tra KH đã thu thập sinh trắc học; 5/ Gọi bank kiểm tra thông tin KH hợp lệ để được phát hành thẻ: không thuộc nhóm blacklist, điều kiện nhóm nợ thỏa mãn; 6/ Gọi bank và xử lý lọc danh sách thẻ để kiểm tra KH chưa có thẻ tín dụng còn hoạt động; 7/ Hiển thị màn hình Thẻ lệ sản phẩm và cam kết"",""subject"":{""text"":""Ứng dụng Digibank"",""resolution"":""combined""},""substeps"":[{""step_key"":""4bd1665e5b10:89"",""quote"":""4/ Gọi bank kiểm tra KH đã thu thập sinh trắc học"",""operation"":null,""object_labels"":[]}],""members"":[{""id"":""vcb_mobile"",""name"":""VCB Digibank Mobile"",""tier"":""client"",""description"":""Giao diện ứng dụng mobile cho khách hàng""},{""id"":""vcb_server"",""name"":""VCB Digibank Server"",""tier"":""server"",""description"":""Xử lý nghiệp vụ giao dịch và điều phối các hệ thống liên quan""}],""hints"":{}}",vcb_server,verb,false,needs_domain_review
T15-090,dev,"{""row_text"":""Xử lý các bước sau:; 1/ Kiểm tra thông tin khung giờ hoạt động ; 2/ Kiểm tra thông tin khách hàng đủ tuổi để thực hiện chức năng; 3/ Kiểm tra thông tin GTTT của khách hàng còn hạn theo thông tư 17; 4/ Gọi bank kiểm tra KH đã thu thập sinh trắc học; 5/ Gọi bank kiểm tra thông tin KH hợp lệ để được phát hành thẻ: không thuộc nhóm blacklist, điều kiện nhóm nợ thỏa mãn; 6/ Gọi bank và xử lý lọc danh sách thẻ để kiểm tra KH chưa có thẻ tín dụng còn hoạt động; 7/ Hiển thị màn hình Thẻ lệ sản phẩm và cam kết"",""subject"":{""text"":""Ứng dụng Digibank"",""resolution"":""combined""},""substeps"":[{""step_key"":""4bd1665e5b10:90"",""quote"":""5/ Gọi bank kiểm tra thông tin KH hợp lệ để được phát hành thẻ: không thuộc nhóm blacklist, điều kiện nhóm nợ thỏa mãn"",""operation"":null,""object_labels"":[]}],""members"":[{""id"":""vcb_mobile"",""name"":""VCB Digibank Mobile"",""tier"":""client"",""description"":""Giao diện ứng dụng mobile cho khách hàng""},{""id"":""vcb_server"",""name"":""VCB Digibank Server"",""tier"":""server"",""description"":""Xử lý nghiệp vụ giao dịch và điều phối các hệ thống liên quan""}],""hints"":{}}",vcb_server,verb,false,needs_domain_review
T15-091,dev,"{""row_text"":""Xử lý các bước sau:; 1/ Kiểm tra thông tin khung giờ hoạt động ; 2/ Kiểm tra thông tin khách hàng đủ tuổi để thực hiện chức năng; 3/ Kiểm tra thông tin GTTT của khách hàng còn hạn theo thông tư 17; 4/ Gọi bank kiểm tra KH đã thu thập sinh trắc học; 5/ Gọi bank kiểm tra thông tin KH hợp lệ để được phát hành thẻ: không thuộc nhóm blacklist, điều kiện nhóm nợ thỏa mãn; 6/ Gọi bank và xử lý lọc danh sách thẻ để kiểm tra KH chưa có thẻ tín dụng còn hoạt động; 7/ Hiển thị màn hình Thẻ lệ sản phẩm và cam kết"",""subject"":{""text"":""Ứng dụng Digibank"",""resolution"":""combined""},""substeps"":[{""step_key"":""4bd1665e5b10:91"",""quote"":""6/ Gọi bank và xử lý lọc danh sách thẻ để kiểm tra KH chưa có thẻ tín dụng còn hoạt động"",""operation"":null,""object_labels"":[]}],""members"":[{""id"":""vcb_mobile"",""name"":""VCB Digibank Mobile"",""tier"":""client"",""description"":""Giao diện ứng dụng mobile cho khách hàng""},{""id"":""vcb_server"",""name"":""VCB Digibank Server"",""tier"":""server"",""description"":""Xử lý nghiệp vụ giao dịch và điều phối các hệ thống liên quan""}],""hints"":{}}",vcb_server,verb,false,needs_domain_review
T15-092,dev,"{""row_text"":""Xử lý các bước sau:; 1/ Kiểm tra thông tin khung giờ hoạt động ; 2/ Kiểm tra thông tin khách hàng đủ tuổi để thực hiện chức năng; 3/ Kiểm tra thông tin GTTT của khách hàng còn hạn theo thông tư 17; 4/ Gọi bank kiểm tra KH đã thu thập sinh trắc học; 5/ Gọi bank kiểm tra thông tin KH hợp lệ để được phát hành thẻ: không thuộc nhóm blacklist, điều kiện nhóm nợ thỏa mãn; 6/ Gọi bank và xử lý lọc danh sách thẻ để kiểm tra KH chưa có thẻ tín dụng còn hoạt động; 7/ Hiển thị màn hình Thẻ lệ sản phẩm và cam kết"",""subject"":{""text"":""Ứng dụng Digibank"",""resolution"":""combined""},""substeps"":[{""step_key"":""4bd1665e5b10:92"",""quote"":""7/ Hiển thị màn hình Thẻ lệ sản phẩm và cam kết"",""operation"":null,""object_labels"":[]}],""members"":[{""id"":""vcb_mobile"",""name"":""VCB Digibank Mobile"",""tier"":""client"",""description"":""Giao diện ứng dụng mobile cho khách hàng""},{""id"":""vcb_server"",""name"":""VCB Digibank Server"",""tier"":""server"",""description"":""Xử lý nghiệp vụ giao dịch và điều phối các hệ thống liên quan""}],""hints"":{}}",vcb_mobile,verb,false,needs_domain_review
T15-093,dev,"{""row_text"":""Xử lý các bước sau:; 1/ Kiểm tra validate KH đã tick chọn đồng ý điều kiện điều khoản; 2/ Truy vấn danh sách tài khoản FD từ core bank trả về và lọc lấy tài khoản tiết kiệm hợp lệ; 3/ Truy vấn danh sách DD từ core bank trả về và lọc lấy danh sách tài khoản thanh toán hợp lệ; 4/ Lấy danh sách sản phẩm thẻ tín dụng được phép phát hành để ứng dụng hiển thị cho KH chọn; 5/ Trả về nội dung các config lưu ý để hiển thị trên giao diện; 6/ Hiển thị màn hình Đăng ký phát hành thẻ tín dụng cầm cố tiết kiệm (màn hình chọn/ nhập thông tin mở thẻ)"",""subject"":{""text"":""Ứng dụng Digibank"",""resolution"":""combined""},""substeps"":[{""step_key"":""2d44ddcc0215:93"",""quote"":""1/ Kiểm tra validate KH đã tick chọn đồng ý điều kiện điều khoản"",""operation"":null,""object_labels"":[]}],""members"":[{""id"":""vcb_mobile"",""name"":""VCB Digibank Mobile"",""tier"":""client"",""description"":""Giao diện ứng dụng mobile cho khách hàng""},{""id"":""vcb_server"",""name"":""VCB Digibank Server"",""tier"":""server"",""description"":""Xử lý nghiệp vụ giao dịch và điều phối các hệ thống liên quan""}],""hints"":{}}",vcb_server,verb,false,needs_domain_review
T15-094,dev,"{""row_text"":""Xử lý các bước sau:; 1/ Kiểm tra validate KH đã tick chọn đồng ý điều kiện điều khoản; 2/ Truy vấn danh sách tài khoản FD từ core bank trả về và lọc lấy tài khoản tiết kiệm hợp lệ; 3/ Truy vấn danh sách DD từ core bank trả về và lọc lấy danh sách tài khoản thanh toán hợp lệ; 4/ Lấy danh sách sản phẩm thẻ tín dụng được phép phát hành để ứng dụng hiển thị cho KH chọn; 5/ Trả về nội dung các config lưu ý để hiển thị trên giao diện; 6/ Hiển thị màn hình Đăng ký phát hành thẻ tín dụng cầm cố tiết kiệm (màn hình chọn/ nhập thông tin mở thẻ)"",""subject"":{""text"":""Ứng dụng Digibank"",""resolution"":""combined""},""substeps"":[{""step_key"":""2d44ddcc0215:94"",""quote"":""2/ Truy vấn danh sách tài khoản FD từ core bank trả về và lọc lấy tài khoản tiết kiệm hợp lệ"",""operation"":null,""object_labels"":[]}],""members"":[{""id"":""vcb_mobile"",""name"":""VCB Digibank Mobile"",""tier"":""client"",""description"":""Giao diện ứng dụng mobile cho khách hàng""},{""id"":""vcb_server"",""name"":""VCB Digibank Server"",""tier"":""server"",""description"":""Xử lý nghiệp vụ giao dịch và điều phối các hệ thống liên quan""}],""hints"":{}}",vcb_server,verb,false,needs_domain_review
T15-095,dev,"{""row_text"":""Xử lý các bước sau:; 1/ Kiểm tra validate KH đã tick chọn đồng ý điều kiện điều khoản; 2/ Truy vấn danh sách tài khoản FD từ core bank trả về và lọc lấy tài khoản tiết kiệm hợp lệ; 3/ Truy vấn danh sách DD từ core bank trả về và lọc lấy danh sách tài khoản thanh toán hợp lệ; 4/ Lấy danh sách sản phẩm thẻ tín dụng được phép phát hành để ứng dụng hiển thị cho KH chọn; 5/ Trả về nội dung các config lưu ý để hiển thị trên giao diện; 6/ Hiển thị màn hình Đăng ký phát hành thẻ tín dụng cầm cố tiết kiệm (màn hình chọn/ nhập thông tin mở thẻ)"",""subject"":{""text"":""Ứng dụng Digibank"",""resolution"":""combined""},""substeps"":[{""step_key"":""2d44ddcc0215:95"",""quote"":""3/ Truy vấn danh sách DD từ core bank trả về và lọc lấy danh sách tài khoản thanh toán hợp lệ"",""operation"":null,""object_labels"":[]}],""members"":[{""id"":""vcb_mobile"",""name"":""VCB Digibank Mobile"",""tier"":""client"",""description"":""Giao diện ứng dụng mobile cho khách hàng""},{""id"":""vcb_server"",""name"":""VCB Digibank Server"",""tier"":""server"",""description"":""Xử lý nghiệp vụ giao dịch và điều phối các hệ thống liên quan""}],""hints"":{}}",vcb_server,verb,false,needs_domain_review
T15-096,dev,"{""row_text"":""Xử lý các bước sau:; 1/ Kiểm tra validate KH đã tick chọn đồng ý điều kiện điều khoản; 2/ Truy vấn danh sách tài khoản FD từ core bank trả về và lọc lấy tài khoản tiết kiệm hợp lệ; 3/ Truy vấn danh sách DD từ core bank trả về và lọc lấy danh sách tài khoản thanh toán hợp lệ; 4/ Lấy danh sách sản phẩm thẻ tín dụng được phép phát hành để ứng dụng hiển thị cho KH chọn; 5/ Trả về nội dung các config lưu ý để hiển thị trên giao diện; 6/ Hiển thị màn hình Đăng ký phát hành thẻ tín dụng cầm cố tiết kiệm (màn hình chọn/ nhập thông tin mở thẻ)"",""subject"":{""text"":""Ứng dụng Digibank"",""resolution"":""combined""},""substeps"":[{""step_key"":""2d44ddcc0215:96"",""quote"":""6/ Hiển thị màn hình Đăng ký phát hành thẻ tín dụng cầm cố tiết kiệm (màn hình chọn/ nhập thông tin mở thẻ)"",""operation"":null,""object_labels"":[]}],""members"":[{""id"":""vcb_mobile"",""name"":""VCB Digibank Mobile"",""tier"":""client"",""description"":""Giao diện ứng dụng mobile cho khách hàng""},{""id"":""vcb_server"",""name"":""VCB Digibank Server"",""tier"":""server"",""description"":""Xử lý nghiệp vụ giao dịch và điều phối các hệ thống liên quan""}],""hints"":{}}",vcb_mobile,verb,false,needs_domain_review
T15-097,dev,"{""row_text"":""1/ Kiểm tra các điều kiện bắt buộc; 2/ Kiểm tra lại các thông tin phát hành thẻ truyền lên - đủ các thông tin bắt buộc; 3/ Kiểm tra các thông tin phát hành thẻ truyền lên là hợp lệ; - Tài khoản FD hợp lệ để làm tài sản đảm bảo; - Tài khoản DD hợp lệ để làm tài khoản trích nợ tự động; - Kiểm tra hạn mức thẻ hợp lệ để phát hành; 4/ Thực hiện tính phí gửi thẻ nếu KH chọn nhận thẻ qua bưu điện; 5/ Truy vấn phương thức xác thực để trả về ứng dụng cho KH chọn; 6/ Khởi tạo giao dịch phát hành thẻ ở trạng thái initial; 7/ Kiểm tra tính hợp lệ của số điện thoại người giới thiệu nếu có; 7/ Hiển thị MH Xác nhận giao dịch"",""subject"":{""text"":""Ứng dụng Digibank"",""resolution"":""combined""},""substeps"":[{""step_key"":""87b51127ad32:97"",""quote"":""1/ Kiểm tra các điều kiện bắt buộc"",""operation"":null,""object_labels"":[]}],""members"":[{""id"":""vcb_mobile"",""name"":""VCB Digibank Mobile"",""tier"":""client"",""description"":""Giao diện ứng dụng mobile cho khách hàng""},{""id"":""vcb_server"",""name"":""VCB Digibank Server"",""tier"":""server"",""description"":""Xử lý nghiệp vụ giao dịch và điều phối các hệ thống liên quan""}],""hints"":{}}",vcb_server,verb,false,needs_domain_review
T15-098,dev,"{""row_text"":""1/ Kiểm tra các điều kiện bắt buộc; 2/ Kiểm tra lại các thông tin phát hành thẻ truyền lên - đủ các thông tin bắt buộc; 3/ Kiểm tra các thông tin phát hành thẻ truyền lên là hợp lệ; - Tài khoản FD hợp lệ để làm tài sản đảm bảo; - Tài khoản DD hợp lệ để làm tài khoản trích nợ tự động; - Kiểm tra hạn mức thẻ hợp lệ để phát hành; 4/ Thực hiện tính phí gửi thẻ nếu KH chọn nhận thẻ qua bưu điện; 5/ Truy vấn phương thức xác thực để trả về ứng dụng cho KH chọn; 6/ Khởi tạo giao dịch phát hành thẻ ở trạng thái initial; 7/ Kiểm tra tính hợp lệ của số điện thoại người giới thiệu nếu có; 7/ Hiển thị MH Xác nhận giao dịch"",""subject"":{""text"":""Ứng dụng Digibank"",""resolution"":""combined""},""substeps"":[{""step_key"":""87b51127ad32:98"",""quote"":""2/ Kiểm tra lại các thông tin phát hành thẻ truyền lên - đủ các thông tin bắt buộc"",""operation"":null,""object_labels"":[]}],""members"":[{""id"":""vcb_mobile"",""name"":""VCB Digibank Mobile"",""tier"":""client"",""description"":""Giao diện ứng dụng mobile cho khách hàng""},{""id"":""vcb_server"",""name"":""VCB Digibank Server"",""tier"":""server"",""description"":""Xử lý nghiệp vụ giao dịch và điều phối các hệ thống liên quan""}],""hints"":{}}",vcb_server,verb,false,needs_domain_review
T15-099,dev,"{""row_text"":""1/ Kiểm tra các điều kiện bắt buộc; 2/ Kiểm tra lại các thông tin phát hành thẻ truyền lên - đủ các thông tin bắt buộc; 3/ Kiểm tra các thông tin phát hành thẻ truyền lên là hợp lệ; - Tài khoản FD hợp lệ để làm tài sản đảm bảo; - Tài khoản DD hợp lệ để làm tài khoản trích nợ tự động; - Kiểm tra hạn mức thẻ hợp lệ để phát hành; 4/ Thực hiện tính phí gửi thẻ nếu KH chọn nhận thẻ qua bưu điện; 5/ Truy vấn phương thức xác thực để trả về ứng dụng cho KH chọn; 6/ Khởi tạo giao dịch phát hành thẻ ở trạng thái initial; 7/ Kiểm tra tính hợp lệ của số điện thoại người giới thiệu nếu có; 7/ Hiển thị MH Xác nhận giao dịch"",""subject"":{""text"":""Ứng dụng Digibank"",""resolution"":""combined""},""substeps"":[{""step_key"":""87b51127ad32:99"",""quote"":""3/ Kiểm tra các thông tin phát hành thẻ truyền lên là hợp lệ"",""operation"":null,""object_labels"":[]}],""members"":[{""id"":""vcb_mobile"",""name"":""VCB Digibank Mobile"",""tier"":""client"",""description"":""Giao diện ứng dụng mobile cho khách hàng""},{""id"":""vcb_server"",""name"":""VCB Digibank Server"",""tier"":""server"",""description"":""Xử lý nghiệp vụ giao dịch và điều phối các hệ thống liên quan""}],""hints"":{}}",vcb_server,verb,false,needs_domain_review
T15-100,dev,"{""row_text"":""1/ Kiểm tra các điều kiện bắt buộc; 2/ Kiểm tra lại các thông tin phát hành thẻ truyền lên - đủ các thông tin bắt buộc; 3/ Kiểm tra các thông tin phát hành thẻ truyền lên là hợp lệ; - Tài khoản FD hợp lệ để làm tài sản đảm bảo; - Tài khoản DD hợp lệ để làm tài khoản trích nợ tự động; - Kiểm tra hạn mức thẻ hợp lệ để phát hành; 4/ Thực hiện tính phí gửi thẻ nếu KH chọn nhận thẻ qua bưu điện; 5/ Truy vấn phương thức xác thực để trả về ứng dụng cho KH chọn; 6/ Khởi tạo giao dịch phát hành thẻ ở trạng thái initial; 7/ Kiểm tra tính hợp lệ của số điện thoại người giới thiệu nếu có; 7/ Hiển thị MH Xác nhận giao dịch"",""subject"":{""text"":""Ứng dụng Digibank"",""resolution"":""combined""},""substeps"":[{""step_key"":""87b51127ad32:100"",""quote"":""4/ Thực hiện tính phí gửi thẻ nếu KH chọn nhận thẻ qua bưu điện"",""operation"":null,""object_labels"":[]}],""members"":[{""id"":""vcb_mobile"",""name"":""VCB Digibank Mobile"",""tier"":""client"",""description"":""Giao diện ứng dụng mobile cho khách hàng""},{""id"":""vcb_server"",""name"":""VCB Digibank Server"",""tier"":""server"",""description"":""Xử lý nghiệp vụ giao dịch và điều phối các hệ thống liên quan""}],""hints"":{}}",vcb_server,verb,false,needs_domain_review
T15-101,dev,"{""row_text"":""1/ Kiểm tra các điều kiện bắt buộc; 2/ Kiểm tra lại các thông tin phát hành thẻ truyền lên - đủ các thông tin bắt buộc; 3/ Kiểm tra các thông tin phát hành thẻ truyền lên là hợp lệ; - Tài khoản FD hợp lệ để làm tài sản đảm bảo; - Tài khoản DD hợp lệ để làm tài khoản trích nợ tự động; - Kiểm tra hạn mức thẻ hợp lệ để phát hành; 4/ Thực hiện tính phí gửi thẻ nếu KH chọn nhận thẻ qua bưu điện; 5/ Truy vấn phương thức xác thực để trả về ứng dụng cho KH chọn; 6/ Khởi tạo giao dịch phát hành thẻ ở trạng thái initial; 7/ Kiểm tra tính hợp lệ của số điện thoại người giới thiệu nếu có; 7/ Hiển thị MH Xác nhận giao dịch"",""subject"":{""text"":""Ứng dụng Digibank"",""resolution"":""combined""},""substeps"":[{""step_key"":""87b51127ad32:101"",""quote"":""5/ Truy vấn phương thức xác thực để trả về ứng dụng cho KH chọn"",""operation"":null,""object_labels"":[]}],""members"":[{""id"":""vcb_mobile"",""name"":""VCB Digibank Mobile"",""tier"":""client"",""description"":""Giao diện ứng dụng mobile cho khách hàng""},{""id"":""vcb_server"",""name"":""VCB Digibank Server"",""tier"":""server"",""description"":""Xử lý nghiệp vụ giao dịch và điều phối các hệ thống liên quan""}],""hints"":{}}",vcb_server,verb,false,needs_domain_review
T15-102,dev,"{""row_text"":""1/ Kiểm tra các điều kiện bắt buộc; 2/ Kiểm tra lại các thông tin phát hành thẻ truyền lên - đủ các thông tin bắt buộc; 3/ Kiểm tra các thông tin phát hành thẻ truyền lên là hợp lệ; - Tài khoản FD hợp lệ để làm tài sản đảm bảo; - Tài khoản DD hợp lệ để làm tài khoản trích nợ tự động; - Kiểm tra hạn mức thẻ hợp lệ để phát hành; 4/ Thực hiện tính phí gửi thẻ nếu KH chọn nhận thẻ qua bưu điện; 5/ Truy vấn phương thức xác thực để trả về ứng dụng cho KH chọn; 6/ Khởi tạo giao dịch phát hành thẻ ở trạng thái initial; 7/ Kiểm tra tính hợp lệ của số điện thoại người giới thiệu nếu có; 7/ Hiển thị MH Xác nhận giao dịch"",""subject"":{""text"":""Ứng dụng Digibank"",""resolution"":""combined""},""substeps"":[{""step_key"":""87b51127ad32:102"",""quote"":""6/ Khởi tạo giao dịch phát hành thẻ ở trạng thái initial"",""operation"":null,""object_labels"":[]}],""members"":[{""id"":""vcb_mobile"",""name"":""VCB Digibank Mobile"",""tier"":""client"",""description"":""Giao diện ứng dụng mobile cho khách hàng""},{""id"":""vcb_server"",""name"":""VCB Digibank Server"",""tier"":""server"",""description"":""Xử lý nghiệp vụ giao dịch và điều phối các hệ thống liên quan""}],""hints"":{}}",vcb_server,verb,false,needs_domain_review
T15-103,dev,"{""row_text"":""1/ Kiểm tra các điều kiện bắt buộc; 2/ Kiểm tra lại các thông tin phát hành thẻ truyền lên - đủ các thông tin bắt buộc; 3/ Kiểm tra các thông tin phát hành thẻ truyền lên là hợp lệ; - Tài khoản FD hợp lệ để làm tài sản đảm bảo; - Tài khoản DD hợp lệ để làm tài khoản trích nợ tự động; - Kiểm tra hạn mức thẻ hợp lệ để phát hành; 4/ Thực hiện tính phí gửi thẻ nếu KH chọn nhận thẻ qua bưu điện; 5/ Truy vấn phương thức xác thực để trả về ứng dụng cho KH chọn; 6/ Khởi tạo giao dịch phát hành thẻ ở trạng thái initial; 7/ Kiểm tra tính hợp lệ của số điện thoại người giới thiệu nếu có; 7/ Hiển thị MH Xác nhận giao dịch"",""subject"":{""text"":""Ứng dụng Digibank"",""resolution"":""combined""},""substeps"":[{""step_key"":""87b51127ad32:103"",""quote"":""7/ Hiển thị MH Xác nhận giao dịch"",""operation"":null,""object_labels"":[]}],""members"":[{""id"":""vcb_mobile"",""name"":""VCB Digibank Mobile"",""tier"":""client"",""description"":""Giao diện ứng dụng mobile cho khách hàng""},{""id"":""vcb_server"",""name"":""VCB Digibank Server"",""tier"":""server"",""description"":""Xử lý nghiệp vụ giao dịch và điều phối các hệ thống liên quan""}],""hints"":{}}",vcb_mobile,verb,false,needs_domain_review
T15-104,dev,"{""row_text"":""1/ Kiểm tra các điều kiện bắt buộc; 2/ Kiểm tra lại các thông tin phát hành thẻ truyền lên - đủ các thông tin bắt buộc; 3/ Kiểm tra các thông tin phát hành thẻ truyền lên là hợp lệ; - Tài khoản FD hợp lệ để làm tài sản đảm bảo; - Tài khoản DD hợp lệ để làm tài khoản trích nợ tự động; - Kiểm tra hạn mức thẻ hợp lệ để phát hành; 4/ Thực hiện tính phí gửi thẻ nếu KH chọn nhận thẻ qua bưu điện; 5/ Truy vấn phương thức xác thực để trả về ứng dụng cho KH chọn; 6/ Khởi tạo giao dịch phát hành thẻ ở trạng thái initial; 7/ Kiểm tra tính hợp lệ của số điện thoại người giới thiệu nếu có; 7/ Hiển thị MH Xác nhận giao dịch"",""subject"":{""text"":""Ứng dụng Digibank"",""resolution"":""combined""},""substeps"":[{""step_key"":""87b51127ad32:104"",""quote"":""7/ Kiểm tra tính hợp lệ của số điện thoại người giới thiệu nếu có"",""operation"":null,""object_labels"":[]}],""members"":[{""id"":""vcb_mobile"",""name"":""VCB Digibank Mobile"",""tier"":""client"",""description"":""Giao diện ứng dụng mobile cho khách hàng""},{""id"":""vcb_server"",""name"":""VCB Digibank Server"",""tier"":""server"",""description"":""Xử lý nghiệp vụ giao dịch và điều phối các hệ thống liên quan""}],""hints"":{}}",vcb_server,verb,false,needs_domain_review
T15-105,dev,"{""row_text"":""1/ Kiểm tra các điều kiện bắt buộc; 2/ Kiểm tra lại các thông tin phát hành thẻ truyền lên - đủ các thông tin bắt buộc; 3/ Kiểm tra các thông tin phát hành thẻ truyền lên là hợp lệ; - Tài khoản FD hợp lệ để làm tài sản đảm bảo; - Tài khoản DD hợp lệ để làm tài khoản trích nợ tự động; - Kiểm tra hạn mức thẻ hợp lệ để phát hành; 4/ Thực hiện tính phí gửi thẻ nếu KH chọn nhận thẻ qua bưu điện; 5/ Truy vấn phương thức xác thực để trả về ứng dụng cho KH chọn; 6/ Khởi tạo giao dịch phát hành thẻ ở trạng thái initial; 7/ Kiểm tra tính hợp lệ của số điện thoại người giới thiệu nếu có; 7/ Hiển thị MH Xác nhận giao dịch"",""subject"":{""text"":""Ứng dụng Digibank"",""resolution"":""combined""},""substeps"":[{""step_key"":""87b51127ad32:105"",""quote"":""Kiểm tra hạn mức thẻ hợp lệ để phát hành"",""operation"":null,""object_labels"":[]}],""members"":[{""id"":""vcb_mobile"",""name"":""VCB Digibank Mobile"",""tier"":""client"",""description"":""Giao diện ứng dụng mobile cho khách hàng""},{""id"":""vcb_server"",""name"":""VCB Digibank Server"",""tier"":""server"",""description"":""Xử lý nghiệp vụ giao dịch và điều phối các hệ thống liên quan""}],""hints"":{}}",vcb_server,verb,false,needs_domain_review
T15-106,dev,"{""row_text"":""1/ Kiểm tra điều kiện KH đã đọc hết điều kiện điều khoản, thông tin hợp đồng và nhấn đồng ý; 2/ Xử lý xác nhận giao dịch ; 3/ Hiển thị MH xác thực giao dịch (MH nhập pin soft)"",""subject"":{""text"":""Ứng dụng Digibank"",""resolution"":""combined""},""substeps"":[{""step_key"":""6e88a753e7fc:106"",""quote"":""1/ Kiểm tra điều kiện KH đã đọc hết điều kiện điều khoản, thông tin hợp đồng và nhấn đồng ý"",""operation"":null,""object_labels"":[]}],""members"":[{""id"":""vcb_mobile"",""name"":""VCB Digibank Mobile"",""tier"":""client"",""description"":""Giao diện ứng dụng mobile cho khách hàng""},{""id"":""vcb_server"",""name"":""VCB Digibank Server"",""tier"":""server"",""description"":""Xử lý nghiệp vụ giao dịch và điều phối các hệ thống liên quan""}],""hints"":{}}",vcb_server,verb,false,needs_domain_review
T15-107,dev,"{""row_text"":""1/ Kiểm tra điều kiện KH đã đọc hết điều kiện điều khoản, thông tin hợp đồng và nhấn đồng ý; 2/ Xử lý xác nhận giao dịch ; 3/ Hiển thị MH xác thực giao dịch (MH nhập pin soft)"",""subject"":{""text"":""Ứng dụng Digibank"",""resolution"":""combined""},""substeps"":[{""step_key"":""6e88a753e7fc:107"",""quote"":""1/ Kiểm tra điều kiện KH đã đọc hết điều kiện điều khoản, thông tin hợp đồng và nhấn đồng ý; 2/ Xử lý xác nhận giao dịch ; 3/ Hiển thị MH xác thực giao dịch (MH nhập pin soft)"",""operation"":null,""object_labels"":[]}],""members"":[{""id"":""vcb_mobile"",""name"":""VCB Digibank Mobile"",""tier"":""client"",""description"":""Giao diện ứng dụng mobile cho khách hàng""},{""id"":""vcb_server"",""name"":""VCB Digibank Server"",""tier"":""server"",""description"":""Xử lý nghiệp vụ giao dịch và điều phối các hệ thống liên quan""}],""hints"":{}}",vcb_server,verb,true,needs_domain_review
T15-108,dev,"{""row_text"":""1/ Kiểm tra điều kiện KH đã đọc hết điều kiện điều khoản, thông tin hợp đồng và nhấn đồng ý; 2/ Xử lý xác nhận giao dịch ; 3/ Hiển thị MH xác thực giao dịch (MH nhập pin soft)"",""subject"":{""text"":""Ứng dụng Digibank"",""resolution"":""combined""},""substeps"":[{""step_key"":""6e88a753e7fc:108"",""quote"":""2/ Xử lý xác nhận giao dịch"",""operation"":null,""object_labels"":[]}],""members"":[{""id"":""vcb_mobile"",""name"":""VCB Digibank Mobile"",""tier"":""client"",""description"":""Giao diện ứng dụng mobile cho khách hàng""},{""id"":""vcb_server"",""name"":""VCB Digibank Server"",""tier"":""server"",""description"":""Xử lý nghiệp vụ giao dịch và điều phối các hệ thống liên quan""}],""hints"":{}}",vcb_server,verb,false,needs_domain_review
T15-109,dev,"{""row_text"":""1/ Kiểm tra điều kiện KH đã đọc hết điều kiện điều khoản, thông tin hợp đồng và nhấn đồng ý; 2/ Xử lý xác nhận giao dịch ; 3/ Hiển thị MH xác thực giao dịch (MH nhập pin soft)"",""subject"":{""text"":""Ứng dụng Digibank"",""resolution"":""combined""},""substeps"":[{""step_key"":""6e88a753e7fc:109"",""quote"":""3/ Hiển thị MH xác thực giao dịch (MH nhập pin soft)"",""operation"":null,""object_labels"":[]}],""members"":[{""id"":""vcb_mobile"",""name"":""VCB Digibank Mobile"",""tier"":""client"",""description"":""Giao diện ứng dụng mobile cho khách hàng""},{""id"":""vcb_server"",""name"":""VCB Digibank Server"",""tier"":""server"",""description"":""Xử lý nghiệp vụ giao dịch và điều phối các hệ thống liên quan""}],""hints"":{}}",vcb_mobile,verb,false,needs_domain_review
T15-110,dev,"{""row_text"":""1/ Kiểm tra validate pin soft; 2/ Thực hiện gen mã otp smart otp ; 3/ Hiển thị màn hình xác thực đã gen mã otp"",""subject"":{""text"":""Ứng dụng Digibank"",""resolution"":""combined""},""substeps"":[{""step_key"":""79ce85cccb68:110"",""quote"":""1/ Kiểm tra validate pin soft"",""operation"":null,""object_labels"":[]}],""members"":[{""id"":""vcb_mobile"",""name"":""VCB Digibank Mobile"",""tier"":""client"",""description"":""Giao diện ứng dụng mobile cho khách hàng""},{""id"":""vcb_server"",""name"":""VCB Digibank Server"",""tier"":""server"",""description"":""Xử lý nghiệp vụ giao dịch và điều phối các hệ thống liên quan""}],""hints"":{}}",vcb_server,verb,false,needs_domain_review
T15-111,dev,"{""row_text"":""kế thừa toàn bộ dòng hàng sang bảng Dòng hàng trên hoá đơn theo quan hệ một–một"",""subject"":{""text"":""Hệ thống"",""resolution"":""generic""},""substeps"":[{""step_key"":""32f1a723eba2:111"",""quote"":""kế thừa toàn bộ dòng hàng sang bảng Dòng hàng trên hoá đơn theo quan hệ một–một"",""operation"":null,""object_labels"":[]}],""members"":[{""id"":""pmkt_frontend"",""name"":""PMKT (Front-end)"",""tier"":""client"",""description"":""Giao diện website và các màn hình nghiệp vụ cho người dùng""},{""id"":""pmkt_core"",""name"":""PMKT (Core)"",""tier"":""server"",""description"":""Xử lý logic nghiệp vụ, lưu dữ liệu, hạch toán và tích hợp""}],""hints"":{}}",pmkt_core,object,false,needs_domain_review
T15-112,eval,"{""row_text"":""Thực hiện đối chiếu thông tin thụ hưởng và hiển thị tên người thụ hưởng cho KH"",""subject"":{""text"":""VCB Digibank"",""resolution"":""combined""},""substeps"":[{""step_key"":""a5532dc12e75:112"",""quote"":""Thực hiện đối chiếu thông tin thụ hưởng"",""operation"":null,""object_labels"":[]}],""members"":[{""id"":""vcb_mobile"",""name"":""VCB Digibank Mobile"",""tier"":""client"",""description"":""Giao diện ứng dụng mobile cho khách hàng""},{""id"":""vcb_server"",""name"":""VCB Digibank Server"",""tier"":""server"",""description"":""Xử lý nghiệp vụ giao dịch và điều phối các hệ thống liên quan""}],""hints"":{}}",vcb_server,verb,false,needs_domain_review
T15-113,eval,"{""row_text"":""Thực hiện kiểm tra thông tin thụ hưởng"",""subject"":{""text"":""VCB Digibank"",""resolution"":""combined""},""substeps"":[{""step_key"":""a5532dc12e75:113"",""quote"":""Thực hiện kiểm tra thông tin thụ hưởng"",""operation"":null,""object_labels"":[]}],""members"":[{""id"":""vcb_mobile"",""name"":""VCB Digibank Mobile"",""tier"":""client"",""description"":""Giao diện ứng dụng mobile cho khách hàng""},{""id"":""vcb_server"",""name"":""VCB Digibank Server"",""tier"":""server"",""description"":""Xử lý nghiệp vụ giao dịch và điều phối các hệ thống liên quan""}],""hints"":{}}",vcb_server,verb,false,needs_domain_review
T15-114,eval,"{""row_text"":""Thực hiện kiểm tra thông tin thụ hưởng và cho người dùng thấy tên người thụ hưởng cho KH"",""subject"":{""text"":""VCB Digibank"",""resolution"":""combined""},""substeps"":[{""step_key"":""a5532dc12e75:114"",""quote"":""cho người dùng thấy tên người thụ hưởng cho KH"",""operation"":null,""object_labels"":[]}],""members"":[{""id"":""vcb_mobile"",""name"":""VCB Digibank Mobile"",""tier"":""client"",""description"":""Giao diện ứng dụng mobile cho khách hàng""},{""id"":""vcb_server"",""name"":""VCB Digibank Server"",""tier"":""server"",""description"":""Xử lý nghiệp vụ giao dịch và điều phối các hệ thống liên quan""}],""hints"":{}}",vcb_mobile,verb,false,needs_domain_review
T15-115,eval,"{""row_text"":""hiển thị tên người thụ hưởng cho KH"",""subject"":{""text"":""VCB Digibank"",""resolution"":""combined""},""substeps"":[{""step_key"":""a5532dc12e75:115"",""quote"":""hiển thị tên người thụ hưởng cho KH"",""operation"":null,""object_labels"":[]}],""members"":[{""id"":""vcb_mobile"",""name"":""VCB Digibank Mobile"",""tier"":""client"",""description"":""Giao diện ứng dụng mobile cho khách hàng""},{""id"":""vcb_server"",""name"":""VCB Digibank Server"",""tier"":""server"",""description"":""Xử lý nghiệp vụ giao dịch và điều phối các hệ thống liên quan""}],""hints"":{}}",vcb_mobile,verb,false,needs_domain_review
T15-116,eval,"{""row_text"":""Thực hiện xác thực giao dịch cho khách hàng, hạch toán tài giao dịch, thông báo kết quả cho KH qua OTT và email, đồng thời cho người dùng thấy màn hình kết quả giao dịch"",""subject"":{""text"":""VCB Digibank"",""resolution"":""combined""},""substeps"":[{""step_key"":""1c80e5297a6a:116"",""quote"":""cho người dùng thấy màn hình kết quả giao dịch"",""operation"":null,""object_labels"":[]}],""members"":[{""id"":""vcb_mobile"",""name"":""VCB Digibank Mobile"",""tier"":""client"",""description"":""Giao diện ứng dụng mobile cho khách hàng""},{""id"":""vcb_server"",""name"":""VCB Digibank Server"",""tier"":""server"",""description"":""Xử lý nghiệp vụ giao dịch và điều phối các hệ thống liên quan""}],""hints"":{}}",vcb_mobile,verb,false,needs_domain_review
T15-117,eval,"{""row_text"":""hiển thị màn hình kết quả giao dịch"",""subject"":{""text"":""VCB Digibank"",""resolution"":""combined""},""substeps"":[{""step_key"":""1c80e5297a6a:117"",""quote"":""hiển thị màn hình kết quả giao dịch"",""operation"":null,""object_labels"":[]}],""members"":[{""id"":""vcb_mobile"",""name"":""VCB Digibank Mobile"",""tier"":""client"",""description"":""Giao diện ứng dụng mobile cho khách hàng""},{""id"":""vcb_server"",""name"":""VCB Digibank Server"",""tier"":""server"",""description"":""Xử lý nghiệp vụ giao dịch và điều phối các hệ thống liên quan""}],""hints"":{}}",vcb_mobile,verb,false,needs_domain_review
T15-118,eval,"{""row_text"":""thông báo kết quả cho KH qua OTT và email"",""subject"":{""text"":""VCB Digibank"",""resolution"":""combined""},""substeps"":[{""step_key"":""1c80e5297a6a:118"",""quote"":""thông báo kết quả cho KH qua OTT và email"",""operation"":null,""object_labels"":[]}],""members"":[{""id"":""vcb_mobile"",""name"":""VCB Digibank Mobile"",""tier"":""client"",""description"":""Giao diện ứng dụng mobile cho khách hàng""},{""id"":""vcb_server"",""name"":""VCB Digibank Server"",""tier"":""server"",""description"":""Xử lý nghiệp vụ giao dịch và điều phối các hệ thống liên quan""}],""hints"":{}}",vcb_server,context,false,needs_domain_review
T15-119,dev,"{""row_text"":""Điều hướng theo số doanh nghiệp người dùng thuộc về; ; * ĐÚNG 1 doanh nghiệp (đa số): vào thẳng không gian làm việc, KHÔNG hiện màn chọn. KẾT THÚC.; * TỪ 2 doanh nghiệp: cho người dùng thấy MH-DN-02, doanh nghiệp gần nhất đứng đầu; người dùng chọn → vào không gian làm việc. KẾT THÚC.; * CHƯA có doanh nghiệp nào: tiếp Bước 6"",""subject"":{""text"":""Hệ thống"",""resolution"":""generic""},""substeps"":[{""step_key"":""7b2ade23e0e8:119"",""quote"":""* TỪ 2 doanh nghiệp: cho người dùng thấy MH-DN-02, doanh nghiệp gần nhất đứng đầu"",""operation"":null,""object_labels"":[]}],""members"":[{""id"":""pmkt_frontend"",""name"":""PMKT (Front-end)"",""tier"":""client"",""description"":""Giao diện website và các màn hình nghiệp vụ cho người dùng""},{""id"":""pmkt_core"",""name"":""PMKT (Core)"",""tier"":""server"",""description"":""Xử lý logic nghiệp vụ, lưu dữ liệu, hạch toán và tích hợp""}],""hints"":{}}",pmkt_frontend,verb,false,needs_domain_review
T15-120,dev,"{""row_text"":""* TỪ 2 doanh nghiệp: hiển thị MH-DN-02, doanh nghiệp gần nhất đứng đầu"",""subject"":{""text"":""Hệ thống"",""resolution"":""generic""},""substeps"":[{""step_key"":""7b2ade23e0e8:120"",""quote"":""* TỪ 2 doanh nghiệp: hiển thị MH-DN-02, doanh nghiệp gần nhất đứng đầu"",""operation"":null,""object_labels"":[]}],""members"":[{""id"":""pmkt_frontend"",""name"":""PMKT (Front-end)"",""tier"":""client"",""description"":""Giao diện website và các màn hình nghiệp vụ cho người dùng""},{""id"":""pmkt_core"",""name"":""PMKT (Core)"",""tier"":""server"",""description"":""Xử lý logic nghiệp vụ, lưu dữ liệu, hạch toán và tích hợp""}],""hints"":{}}",pmkt_frontend,verb,false,needs_domain_review
T15-121,dev,"{""row_text"":""Cho người dùng thấy màn Khai báo thông tin doanh nghiệp MH-OB-01"",""subject"":{""text"":""Hệ thống"",""resolution"":""generic""},""substeps"":[{""step_key"":""822f649cb999:121"",""quote"":""Cho người dùng thấy màn Khai báo thông tin doanh nghiệp MH-OB-01"",""operation"":null,""object_labels"":[]}],""members"":[{""id"":""pmkt_frontend"",""name"":""PMKT (Front-end)"",""tier"":""client"",""description"":""Giao diện website và các màn hình nghiệp vụ cho người dùng""},{""id"":""pmkt_core"",""name"":""PMKT (Core)"",""tier"":""server"",""description"":""Xử lý logic nghiệp vụ, lưu dữ liệu, hạch toán và tích hợp""}],""hints"":{}}",pmkt_frontend,verb,false,needs_domain_review
T15-122,dev,"{""row_text"":""* Cập nhật thông tin doanh nghiệp: gắn người khai báo làm người quản trị đầu tiên"",""subject"":{""text"":""Hệ thống"",""resolution"":""generic""},""substeps"":[{""step_key"":""a213ea1afc8c:122"",""quote"":""* Cập nhật thông tin doanh nghiệp: gắn người khai báo làm người quản trị đầu tiên"",""operation"":null,""object_labels"":[]}],""members"":[{""id"":""pmkt_frontend"",""name"":""PMKT (Front-end)"",""tier"":""client"",""description"":""Giao diện website và các màn hình nghiệp vụ cho người dùng""},{""id"":""pmkt_core"",""name"":""PMKT (Core)"",""tier"":""server"",""description"":""Xử lý logic nghiệp vụ, lưu dữ liệu, hạch toán và tích hợp""}],""hints"":{}}",pmkt_core,verb,false,needs_domain_review
T15-123,dev,"{""row_text"":""Validate toàn bộ form, đối chiếu MST đã tồn tại hay chưa; ; * Cập nhật thông tin doanh nghiệp: gắn người khai báo làm người quản trị đầu tiên; khởi tạo bộ hệ thống tài khoản và biểu mẫu mặc định theo TT99, năm tài chính, đồng tiền; gói dịch vụ"",""subject"":{""text"":""Hệ thống"",""resolution"":""generic""},""substeps"":[{""step_key"":""a213ea1afc8c:123"",""quote"":""Validate toàn bộ form, đối chiếu MST đã tồn tại hay chưa"",""operation"":null,""object_labels"":[]}],""members"":[{""id"":""pmkt_frontend"",""name"":""PMKT (Front-end)"",""tier"":""client"",""description"":""Giao diện website và các màn hình nghiệp vụ cho người dùng""},{""id"":""pmkt_core"",""name"":""PMKT (Core)"",""tier"":""server"",""description"":""Xử lý logic nghiệp vụ, lưu dữ liệu, hạch toán và tích hợp""}],""hints"":{}}",pmkt_core,verb,false,needs_domain_review
T15-124,dev,"{""row_text"":""Validate toàn bộ form, kiểm tra MST đã tồn tại hay chưa"",""subject"":{""text"":""Hệ thống"",""resolution"":""generic""},""substeps"":[{""step_key"":""a213ea1afc8c:124"",""quote"":""Validate toàn bộ form, kiểm tra MST đã tồn tại hay chưa"",""operation"":null,""object_labels"":[]}],""members"":[{""id"":""pmkt_frontend"",""name"":""PMKT (Front-end)"",""tier"":""client"",""description"":""Giao diện website và các màn hình nghiệp vụ cho người dùng""},{""id"":""pmkt_core"",""name"":""PMKT (Core)"",""tier"":""server"",""description"":""Xử lý logic nghiệp vụ, lưu dữ liệu, hạch toán và tích hợp""}],""hints"":{}}",pmkt_core,verb,false,needs_domain_review
T15-125,dev,"{""row_text"":""Validate toàn bộ form, đối chiếu MST đã tồn tại hay chưa; ; * Cập nhật thông tin doanh nghiệp: gắn người khai báo làm người quản trị đầu tiên; khởi tạo bộ hệ thống tài khoản và biểu mẫu mặc định theo TT99, năm tài chính, đồng tiền; gói dịch vụ"",""subject"":{""text"":""Hệ thống"",""resolution"":""generic""},""substeps"":[{""step_key"":""a213ea1afc8c:125"",""quote"":""Validate toàn bộ form, đối chiếu MST đã tồn tại hay chưa; ; * Cập nhật thông tin doanh nghiệp: gắn người khai báo làm người quản trị đầu tiên; khởi tạo bộ hệ thống tài khoản và biểu mẫu mặc định theo TT99, năm tài chính, đồng tiền; gói dịch vụ"",""operation"":null,""object_labels"":[]}],""members"":[{""id"":""pmkt_frontend"",""name"":""PMKT (Front-end)"",""tier"":""client"",""description"":""Giao diện website và các màn hình nghiệp vụ cho người dùng""},{""id"":""pmkt_core"",""name"":""PMKT (Core)"",""tier"":""server"",""description"":""Xử lý logic nghiệp vụ, lưu dữ liệu, hạch toán và tích hợp""}],""hints"":{}}",pmkt_core,verb,false,needs_domain_review
T15-126,dev,"{""row_text"":""Cho người dùng thấy màn hình Nhập Email (MH-DN-01.1)"",""subject"":{""text"":""Hệ thống"",""resolution"":""generic""},""substeps"":[{""step_key"":""411c5fb78add:126"",""quote"":""Cho người dùng thấy màn hình Nhập Email (MH-DN-01.1)"",""operation"":null,""object_labels"":[]}],""members"":[{""id"":""pmkt_frontend"",""name"":""PMKT (Front-end)"",""tier"":""client"",""description"":""Giao diện website và các màn hình nghiệp vụ cho người dùng""},{""id"":""pmkt_core"",""name"":""PMKT (Core)"",""tier"":""server"",""description"":""Xử lý logic nghiệp vụ, lưu dữ liệu, hạch toán và tích hợp""}],""hints"":{}}",pmkt_frontend,verb,false,needs_domain_review
T15-127,eval,"{""row_text"":""Cho người dùng thấy màn hình đăng ký MH-DK-02"",""subject"":{""text"":""PMKT VNPAY"",""resolution"":""combined""},""substeps"":[{""step_key"":""6487020334ff:127"",""quote"":""Cho người dùng thấy màn hình đăng ký MH-DK-02"",""operation"":null,""object_labels"":[]}],""members"":[{""id"":""pmkt_frontend"",""name"":""PMKT (Front-end)"",""tier"":""client"",""description"":""Giao diện website và các màn hình nghiệp vụ cho người dùng""},{""id"":""pmkt_core"",""name"":""PMKT (Core)"",""tier"":""server"",""description"":""Xử lý logic nghiệp vụ, lưu dữ liệu, hạch toán và tích hợp""}],""hints"":{}}",pmkt_frontend,verb,false,needs_domain_review
T15-128,eval,"{""row_text"":""Kiểm tra dữ liệu đầu vào: bắt buộc nhập, định dạng email/SĐT, MST 10 hoặc 13 chữ số; đối chiếu MST đã tồn tại trên hệ thống chưa (BR 13).; - Xác thực thành công"",""subject"":{""text"":""PMKT VNPAY"",""resolution"":""combined""},""substeps"":[{""step_key"":""5fa50a287908:128"",""quote"":""đối chiếu MST đã tồn tại trên hệ thống chưa (BR 13)"",""operation"":null,""object_labels"":[]}],""members"":[{""id"":""pmkt_frontend"",""name"":""PMKT (Front-end)"",""tier"":""client"",""description"":""Giao diện website và các màn hình nghiệp vụ cho người dùng""},{""id"":""pmkt_core"",""name"":""PMKT (Core)"",""tier"":""server"",""description"":""Xử lý logic nghiệp vụ, lưu dữ liệu, hạch toán và tích hợp""}],""hints"":{}}",pmkt_core,verb,false,needs_domain_review
T15-129,eval,"{""row_text"":""kiểm tra MST đã tồn tại trên hệ thống chưa (BR 13)"",""subject"":{""text"":""PMKT VNPAY"",""resolution"":""combined""},""substeps"":[{""step_key"":""5fa50a287908:129"",""quote"":""kiểm tra MST đã tồn tại trên hệ thống chưa (BR 13)"",""operation"":null,""object_labels"":[]}],""members"":[{""id"":""pmkt_frontend"",""name"":""PMKT (Front-end)"",""tier"":""client"",""description"":""Giao diện website và các màn hình nghiệp vụ cho người dùng""},{""id"":""pmkt_core"",""name"":""PMKT (Core)"",""tier"":""server"",""description"":""Xử lý logic nghiệp vụ, lưu dữ liệu, hạch toán và tích hợp""}],""hints"":{}}",pmkt_core,verb,false,needs_domain_review
T15-130,eval,"{""row_text"":""Đối chiếu các thông tin về quyền user, tài khoản công nợ hợp lệ để rút tiền theo các dữ liệu lấy về trước đó; Tham chiếu theo Quy tắc nghiệp vụ về Quyền rút tiền của user / Yêu cầu xác thực C06 với Merchant là Công ty/ Doanh nghiệp / Trạng thái liên kết ví của tài khoản công nợ / Trạng thái của tài khoản công nợ ; - Với user thuộc Merchant là Công ty/ Doanh nghiệp và chưa xác thực C06 trước đó: hiển thị màn hình thông báo xác thực và điều hướng tới chức năng xác thực sinh trắc; - Với user thuộc Merchant là Cá nhân/ Hộ kinh doanh hoặc là Công ty/ Doanh nghiệp nhưng đã xác thực C06 trước đó: hiển thị màn hình rút tiền với thông tin tài khoản công nợ được phân quyền và số ví thụ hưởng đã liên kết Ví"",""subject"":{""text"":""Merchant App"",""resolution"":""combined""},""substeps"":[{""step_key"":""0863139bea59:130"",""quote"":""Đối chiếu các thông tin về quyền user, tài khoản công nợ hợp lệ để rút tiền theo các dữ liệu lấy về trước đó"",""operation"":null,""object_labels"":[]}],""members"":[{""id"":""merchant_app_client"",""name"":""Merchant App (client)"",""tier"":""client"",""description"":""Giao diện ứng dụng Merchant App""},{""id"":""merchant_app_server"",""name"":""Merchant App (server)"",""tier"":""server"",""description"":""Xử lý giao dịch và điều phối các hệ thống phía máy chủ""}],""hints"":{}}",merchant_app_server,verb,false,needs_domain_review
T15-131,eval,"{""row_text"":""Kiểm tra các thông tin về quyền user, tài khoản công nợ hợp lệ để rút tiền theo các dữ liệu lấy về trước đó"",""subject"":{""text"":""Merchant App"",""resolution"":""combined""},""substeps"":[{""step_key"":""0863139bea59:131"",""quote"":""Kiểm tra các thông tin về quyền user, tài khoản công nợ hợp lệ để rút tiền theo các dữ liệu lấy về trước đó"",""operation"":null,""object_labels"":[]}],""members"":[{""id"":""merchant_app_client"",""name"":""Merchant App (client)"",""tier"":""client"",""description"":""Giao diện ứng dụng Merchant App""},{""id"":""merchant_app_server"",""name"":""Merchant App (server)"",""tier"":""server"",""description"":""Xử lý giao dịch và điều phối các hệ thống phía máy chủ""}],""hints"":{}}",merchant_app_server,verb,false,needs_domain_review
T15-132,eval,"{""row_text"":""Kiểm tra các thông tin về quyền user, tài khoản công nợ hợp lệ để rút tiền theo các dữ liệu lấy về trước đó; Tham chiếu theo Quy tắc nghiệp vụ về Quyền rút tiền của user / Yêu cầu xác thực C06 với Merchant là Công ty/ Doanh nghiệp / Trạng thái liên kết ví của tài khoản công nợ / Trạng thái của tài khoản công nợ ; - Với user thuộc Merchant là Công ty/ Doanh nghiệp và chưa xác thực C06 trước đó: hiển thị màn hình thông báo xác thực và điều hướng tới chức năng xác thực sinh trắc; - Với user thuộc Merchant là Cá nhân/ Hộ kinh doanh hoặc là Công ty/ Doanh nghiệp nhưng đã xác thực C06 trước đó: cho người dùng thấy màn hình rút tiền với thông tin tài khoản công nợ được phân quyền và số ví thụ hưởng đã liên kết Ví"",""subject"":{""text"":""Merchant App"",""resolution"":""combined""},""substeps"":[{""step_key"":""0863139bea59:132"",""quote"":""Với user thuộc Merchant là Cá nhân/ Hộ kinh doanh hoặc là Công ty/ Doanh nghiệp nhưng đã xác thực C06 trước đó: cho người dùng thấy màn hình rút tiền với thông tin tài khoản công nợ được phân quyền và số ví thụ hưởng đã liên kết Ví"",""operation"":null,""object_labels"":[]}],""members"":[{""id"":""merchant_app_client"",""name"":""Merchant App (client)"",""tier"":""client"",""description"":""Giao diện ứng dụng Merchant App""},{""id"":""merchant_app_server"",""name"":""Merchant App (server)"",""tier"":""server"",""description"":""Xử lý giao dịch và điều phối các hệ thống phía máy chủ""}],""hints"":{}}",merchant_app_client,verb,false,needs_domain_review
T15-133,eval,"{""row_text"":""Với user thuộc Merchant là Cá nhân/ Hộ kinh doanh hoặc là Công ty/ Doanh nghiệp nhưng đã xác thực C06 trước đó: hiển thị màn hình rút tiền với thông tin tài khoản công nợ được phân quyền và số ví thụ hưởng đã liên kết Ví"",""subject"":{""text"":""Merchant App"",""resolution"":""combined""},""substeps"":[{""step_key"":""0863139bea59:133"",""quote"":""Với user thuộc Merchant là Cá nhân/ Hộ kinh doanh hoặc là Công ty/ Doanh nghiệp nhưng đã xác thực C06 trước đó: hiển thị màn hình rút tiền với thông tin tài khoản công nợ được phân quyền và số ví thụ hưởng đã liên kết Ví"",""operation"":null,""object_labels"":[]}],""members"":[{""id"":""merchant_app_client"",""name"":""Merchant App (client)"",""tier"":""client"",""description"":""Giao diện ứng dụng Merchant App""},{""id"":""merchant_app_server"",""name"":""Merchant App (server)"",""tier"":""server"",""description"":""Xử lý giao dịch và điều phối các hệ thống phía máy chủ""}],""hints"":{}}",merchant_app_client,verb,false,needs_domain_review
T15-134,eval,"{""row_text"":""Kiểm tra các thông tin về quyền user, tài khoản công nợ hợp lệ để rút tiền theo các dữ liệu lấy về trước đó; Tham chiếu theo Quy tắc nghiệp vụ về Quyền rút tiền của user / Yêu cầu xác thực C06 với Merchant là Công ty/ Doanh nghiệp / Trạng thái liên kết ví của tài khoản công nợ / Trạng thái của tài khoản công nợ ; - Với user thuộc Merchant là Công ty/ Doanh nghiệp và chưa xác thực C06 trước đó: cho người dùng thấy màn hình thông báo xác thực và điều hướng tới chức năng xác thực sinh trắc; - Với user thuộc Merchant là Cá nhân/ Hộ kinh doanh hoặc là Công ty/ Doanh nghiệp nhưng đã xác thực C06 trước đó: hiển thị màn hình rút tiền với thông tin tài khoản công nợ được phân quyền và số ví thụ hưởng đã liên kết Ví"",""subject"":{""text"":""Merchant App"",""resolution"":""combined""},""substeps"":[{""step_key"":""0863139bea59:134"",""quote"":""Với user thuộc Merchant là Công ty/ Doanh nghiệp và chưa xác thực C06 trước đó: cho người dùng thấy màn hình thông báo xác thực và điều hướng tới chức năng xác thực sinh trắc"",""operation"":null,""object_labels"":[]}],""members"":[{""id"":""merchant_app_client"",""name"":""Merchant App (client)"",""tier"":""client"",""description"":""Giao diện ứng dụng Merchant App""},{""id"":""merchant_app_server"",""name"":""Merchant App (server)"",""tier"":""server"",""description"":""Xử lý giao dịch và điều phối các hệ thống phía máy chủ""}],""hints"":{}}",merchant_app_client,verb,false,needs_domain_review
T15-135,eval,"{""row_text"":""Với user thuộc Merchant là Công ty/ Doanh nghiệp và chưa xác thực C06 trước đó: hiển thị màn hình thông báo xác thực và điều hướng tới chức năng xác thực sinh trắc"",""subject"":{""text"":""Merchant App"",""resolution"":""combined""},""substeps"":[{""step_key"":""0863139bea59:135"",""quote"":""Với user thuộc Merchant là Công ty/ Doanh nghiệp và chưa xác thực C06 trước đó: hiển thị màn hình thông báo xác thực và điều hướng tới chức năng xác thực sinh trắc"",""operation"":null,""object_labels"":[]}],""members"":[{""id"":""merchant_app_client"",""name"":""Merchant App (client)"",""tier"":""client"",""description"":""Giao diện ứng dụng Merchant App""},{""id"":""merchant_app_server"",""name"":""Merchant App (server)"",""tier"":""server"",""description"":""Xử lý giao dịch và điều phối các hệ thống phía máy chủ""}],""hints"":{}}",merchant_app_client,verb,false,needs_domain_review
T15-136,eval,"{""row_text"":""Cho người dùng thấy popup chọn CIF Công nợ ; Tham chiếu theo Quy tắc nghiệp vụ về Số CIF công nợ được rút tiền"",""subject"":{""text"":""Merchant App"",""resolution"":""combined""},""substeps"":[{""step_key"":""7d8ff3fdf020:136"",""quote"":""Cho người dùng thấy popup chọn CIF Công nợ"",""operation"":null,""object_labels"":[]}],""members"":[{""id"":""merchant_app_client"",""name"":""Merchant App (client)"",""tier"":""client"",""description"":""Giao diện ứng dụng Merchant App""},{""id"":""merchant_app_server"",""name"":""Merchant App (server)"",""tier"":""server"",""description"":""Xử lý giao dịch và điều phối các hệ thống phía máy chủ""}],""hints"":{}}",merchant_app_client,verb,false,needs_domain_review
T15-137,eval,"{""row_text"":""Hiển thị popup chọn CIF Công nợ"",""subject"":{""text"":""Merchant App"",""resolution"":""combined""},""substeps"":[{""step_key"":""7d8ff3fdf020:137"",""quote"":""Hiển thị popup chọn CIF Công nợ"",""operation"":null,""object_labels"":[]}],""members"":[{""id"":""merchant_app_client"",""name"":""Merchant App (client)"",""tier"":""client"",""description"":""Giao diện ứng dụng Merchant App""},{""id"":""merchant_app_server"",""name"":""Merchant App (server)"",""tier"":""server"",""description"":""Xử lý giao dịch và điều phối các hệ thống phía máy chủ""}],""hints"":{}}",merchant_app_client,verb,false,needs_domain_review
T15-138,eval,"{""row_text"":""Cho người dùng thấy popup chọn CIF Công nợ ; Tham chiếu theo Quy tắc nghiệp vụ về Số CIF công nợ được rút tiền"",""subject"":{""text"":""Merchant App"",""resolution"":""combined""},""substeps"":[{""step_key"":""7d8ff3fdf020:138"",""quote"":""Cho người dùng thấy popup chọn CIF Công nợ ; Tham chiếu theo Quy tắc nghiệp vụ về Số CIF công nợ được rút tiền"",""operation"":null,""object_labels"":[]}],""members"":[{""id"":""merchant_app_client"",""name"":""Merchant App (client)"",""tier"":""client"",""description"":""Giao diện ứng dụng Merchant App""},{""id"":""merchant_app_server"",""name"":""Merchant App (server)"",""tier"":""server"",""description"":""Xử lý giao dịch và điều phối các hệ thống phía máy chủ""}],""hints"":{}}",merchant_app_client,verb,false,needs_domain_review
T15-139,eval,"{""row_text"":""Cho người dùng thấy popup chọn tài khoản Công nợ ; Tham chiếu theo Quy tắc nghiệp vụ về Tài khoản công nợ được rút tiền"",""subject"":{""text"":""Merchant App"",""resolution"":""combined""},""substeps"":[{""step_key"":""3c6401441a0c:139"",""quote"":""Cho người dùng thấy popup chọn tài khoản Công nợ"",""operation"":null,""object_labels"":[]}],""members"":[{""id"":""merchant_app_client"",""name"":""Merchant App (client)"",""tier"":""client"",""description"":""Giao diện ứng dụng Merchant App""},{""id"":""merchant_app_server"",""name"":""Merchant App (server)"",""tier"":""server"",""description"":""Xử lý giao dịch và điều phối các hệ thống phía máy chủ""}],""hints"":{}}",merchant_app_client,verb,false,needs_domain_review
T15-140,eval,"{""row_text"":""Hiển thị popup chọn tài khoản Công nợ"",""subject"":{""text"":""Merchant App"",""resolution"":""combined""},""substeps"":[{""step_key"":""3c6401441a0c:140"",""quote"":""Hiển thị popup chọn tài khoản Công nợ"",""operation"":null,""object_labels"":[]}],""members"":[{""id"":""merchant_app_client"",""name"":""Merchant App (client)"",""tier"":""client"",""description"":""Giao diện ứng dụng Merchant App""},{""id"":""merchant_app_server"",""name"":""Merchant App (server)"",""tier"":""server"",""description"":""Xử lý giao dịch và điều phối các hệ thống phía máy chủ""}],""hints"":{}}",merchant_app_client,verb,false,needs_domain_review
T15-141,eval,"{""row_text"":""Cho người dùng thấy popup chọn tài khoản Công nợ ; Tham chiếu theo Quy tắc nghiệp vụ về Tài khoản công nợ được rút tiền"",""subject"":{""text"":""Merchant App"",""resolution"":""combined""},""substeps"":[{""step_key"":""3c6401441a0c:141"",""quote"":""Cho người dùng thấy popup chọn tài khoản Công nợ ; Tham chiếu theo Quy tắc nghiệp vụ về Tài khoản công nợ được rút tiền"",""operation"":null,""object_labels"":[]}],""members"":[{""id"":""merchant_app_client"",""name"":""Merchant App (client)"",""tier"":""client"",""description"":""Giao diện ứng dụng Merchant App""},{""id"":""merchant_app_server"",""name"":""Merchant App (server)"",""tier"":""server"",""description"":""Xử lý giao dịch và điều phối các hệ thống phía máy chủ""}],""hints"":{}}",merchant_app_client,verb,false,needs_domain_review
T15-142,eval,"{""row_text"":""Cho người dùng thấy popup chọn ngân hàng liên kết Ví"",""subject"":{""text"":""Merchant App"",""resolution"":""combined""},""substeps"":[{""step_key"":""f14928612fcf:142"",""quote"":""Cho người dùng thấy popup chọn ngân hàng liên kết Ví"",""operation"":null,""object_labels"":[]}],""members"":[{""id"":""merchant_app_client"",""name"":""Merchant App (client)"",""tier"":""client"",""description"":""Giao diện ứng dụng Merchant App""},{""id"":""merchant_app_server"",""name"":""Merchant App (server)"",""tier"":""server"",""description"":""Xử lý giao dịch và điều phối các hệ thống phía máy chủ""}],""hints"":{}}",merchant_app_client,verb,false,needs_domain_review
T15-143,eval,"{""row_text"":""Kiểm tra thông tin rút và cho người dùng thấy màn hình xác nhận giao dịch ; Tham chiếu theo Quy tắc nghiệp vụ về Số lượng ký tự của số tiền rút/ Điều kiện số tiền rút so với dư nợ khả dụng / Hạn mức của số tiền rút / Quy định về nội dung giao dịch"",""subject"":{""text"":""Merchant App"",""resolution"":""combined""},""substeps"":[{""step_key"":""ce88c7962683:143"",""quote"":""Kiểm tra thông tin rút và cho người dùng thấy màn hình xác nhận giao dịch"",""operation"":null,""object_labels"":[]}],""members"":[{""id"":""merchant_app_client"",""name"":""Merchant App (client)"",""tier"":""client"",""description"":""Giao diện ứng dụng Merchant App""},{""id"":""merchant_app_server"",""name"":""Merchant App (server)"",""tier"":""server"",""description"":""Xử lý giao dịch và điều phối các hệ thống phía máy chủ""}],""hints"":{}}",merchant_app_server,verb,true,needs_domain_review
T15-144,eval,"{""row_text"":""Kiểm tra thông tin rút và cho người dùng thấy màn hình xác nhận giao dịch ; Tham chiếu theo Quy tắc nghiệp vụ về Số lượng ký tự của số tiền rút/ Điều kiện số tiền rút so với dư nợ khả dụng / Hạn mức của số tiền rút / Quy định về nội dung giao dịch"",""subject"":{""text"":""Merchant App"",""resolution"":""combined""},""substeps"":[{""step_key"":""ce88c7962683:144"",""quote"":""Kiểm tra thông tin rút và cho người dùng thấy màn hình xác nhận giao dịch ; Tham chiếu theo Quy tắc nghiệp vụ về Số lượng ký tự của số tiền rút/ Điều kiện số tiền rút so với dư nợ khả dụng / Hạn mức của số tiền rút / Quy định về nội dung giao dịch"",""operation"":null,""object_labels"":[]}],""members"":[{""id"":""merchant_app_client"",""name"":""Merchant App (client)"",""tier"":""client"",""description"":""Giao diện ứng dụng Merchant App""},{""id"":""merchant_app_server"",""name"":""Merchant App (server)"",""tier"":""server"",""description"":""Xử lý giao dịch và điều phối các hệ thống phía máy chủ""}],""hints"":{}}",merchant_app_server,verb,true,needs_domain_review
T15-145,eval,"{""row_text"":""Với trường hợp giao dịch yêu cầu xác thực SoftOTP: hiển thị màn hình nhập mã PIN và gen mã SoftOTP; - Với trường hợp giao dịch yêu cầu xác thực SMS OTP: cho người dùng thấy màn hình nhập OTP; Luồng xử lý xác thực SoftOTP hay SMSOTP sẽ theo logic xác thực giao dịch chung của hệ thống ; Tham chiếu theo Quy tắc nghiệp vụ về Phương thức xác thực"",""subject"":{""text"":""Merchant App"",""resolution"":""combined""},""substeps"":[{""step_key"":""04acd1255917:145"",""quote"":""Với trường hợp giao dịch yêu cầu xác thực SMS OTP: cho người dùng thấy màn hình nhập OTP"",""operation"":null,""object_labels"":[]}],""members"":[{""id"":""merchant_app_client"",""name"":""Merchant App (client)"",""tier"":""client"",""description"":""Giao diện ứng dụng Merchant App""},{""id"":""merchant_app_server"",""name"":""Merchant App (server)"",""tier"":""server"",""description"":""Xử lý giao dịch và điều phối các hệ thống phía máy chủ""}],""hints"":{}}",merchant_app_client,verb,false,needs_domain_review
T15-146,eval,"{""row_text"":""Với trường hợp giao dịch yêu cầu xác thực SMS OTP: hiển thị màn hình nhập OTP"",""subject"":{""text"":""Merchant App"",""resolution"":""combined""},""substeps"":[{""step_key"":""04acd1255917:146"",""quote"":""Với trường hợp giao dịch yêu cầu xác thực SMS OTP: hiển thị màn hình nhập OTP"",""operation"":null,""object_labels"":[]}],""members"":[{""id"":""merchant_app_client"",""name"":""Merchant App (client)"",""tier"":""client"",""description"":""Giao diện ứng dụng Merchant App""},{""id"":""merchant_app_server"",""name"":""Merchant App (server)"",""tier"":""server"",""description"":""Xử lý giao dịch và điều phối các hệ thống phía máy chủ""}],""hints"":{}}",merchant_app_client,verb,false,needs_domain_review
T15-147,eval,"{""row_text"":""Với trường hợp giao dịch yêu cầu xác thực SoftOTP: cho người dùng thấy màn hình nhập mã PIN và gen mã SoftOTP; - Với trường hợp giao dịch yêu cầu xác thực SMS OTP: hiển thị màn hình nhập OTP; Luồng xử lý xác thực SoftOTP hay SMSOTP sẽ theo logic xác thực giao dịch chung của hệ thống ; Tham chiếu theo Quy tắc nghiệp vụ về Phương thức xác thực"",""subject"":{""text"":""Merchant App"",""resolution"":""combined""},""substeps"":[{""step_key"":""04acd1255917:147"",""quote"":""Với trường hợp giao dịch yêu cầu xác thực SoftOTP: cho người dùng thấy màn hình nhập mã PIN và gen mã SoftOTP"",""operation"":null,""object_labels"":[]}],""members"":[{""id"":""merchant_app_client"",""name"":""Merchant App (client)"",""tier"":""client"",""description"":""Giao diện ứng dụng Merchant App""},{""id"":""merchant_app_server"",""name"":""Merchant App (server)"",""tier"":""server"",""description"":""Xử lý giao dịch và điều phối các hệ thống phía máy chủ""}],""hints"":{}}",merchant_app_client,verb,true,needs_domain_review
T15-148,eval,"{""row_text"":""Với trường hợp giao dịch yêu cầu xác thực SoftOTP: cho người dùng thấy màn hình nhập mã PIN và gen mã SoftOTP; - Với trường hợp giao dịch yêu cầu xác thực SMS OTP: hiển thị màn hình nhập OTP; Luồng xử lý xác thực SoftOTP hay SMSOTP sẽ theo logic xác thực giao dịch chung của hệ thống ; Tham chiếu theo Quy tắc nghiệp vụ về Phương thức xác thực"",""subject"":{""text"":""Merchant App"",""resolution"":""combined""},""substeps"":[{""step_key"":""04acd1255917:148"",""quote"":""Với trường hợp giao dịch yêu cầu xác thực SoftOTP: cho người dùng thấy màn hình nhập mã PIN và gen mã SoftOTP; - Với trường hợp giao dịch yêu cầu xác thực SMS OTP: hiển thị màn hình nhập OTP; Luồng xử lý xác thực SoftOTP hay SMSOTP sẽ theo logic xác thực giao dịch chung của hệ thống ; Tham chiếu theo Quy tắc nghiệp vụ về Phương thức xác thực"",""operation"":null,""object_labels"":[]}],""members"":[{""id"":""merchant_app_client"",""name"":""Merchant App (client)"",""tier"":""client"",""description"":""Giao diện ứng dụng Merchant App""},{""id"":""merchant_app_server"",""name"":""Merchant App (server)"",""tier"":""server"",""description"":""Xử lý giao dịch và điều phối các hệ thống phía máy chủ""}],""hints"":{}}",merchant_app_client,verb,true,needs_domain_review
T15-149,eval,"{""row_text"":""Sau khi xác thực thành công, xử lý rút tiền về ngân hàng liên kết ví và cho người dùng thấy màn hình kết quả giao dịch ; Tham chiếu theo Quy tắc nghiệp vụ về Số lượng ký tự của số tiền rút/ Điều kiện số tiền rút so với dư nợ khả dụng / Hạn mức của số tiền rút / Quy định về nội dung giao dịch / Trạng thái định danh của Ví VNPAY/ Trạng thái duyệt thông tin định danh của Ví VNPAY / Trạng thái Ví VNPAY / Trạng thái liên kết Ví VNPAY với tài khoản ngân hàng / Điều kiện rút tiền của Ngân hàng"",""subject"":{""text"":""Merchant App"",""resolution"":""combined""},""substeps"":[{""step_key"":""fc8b47680729:149"",""quote"":""Sau khi xác thực thành công, xử lý rút tiền về ngân hàng liên kết ví và cho người dùng thấy màn hình kết quả giao dịch"",""operation"":null,""object_labels"":[]}],""members"":[{""id"":""merchant_app_client"",""name"":""Merchant App (client)"",""tier"":""client"",""description"":""Giao diện ứng dụng Merchant App""},{""id"":""merchant_app_server"",""name"":""Merchant App (server)"",""tier"":""server"",""description"":""Xử lý giao dịch và điều phối các hệ thống phía máy chủ""}],""hints"":{}}",merchant_app_server,verb,true,needs_domain_review
T15-150,eval,"{""row_text"":""Hạch toán tài giao dịch, thông báo kết quả cho KH qua OTT và email, đồng thời cho người dùng thấy màn hình kết quả giao dịch"",""subject"":{""text"":""VCB Digibank"",""resolution"":""combined""},""substeps"":[{""step_key"":""bc5935c98919:150"",""quote"":""Hạch toán tài giao dịch, thông báo kết quả cho KH qua OTT và email, đồng thời cho người dùng thấy màn hình kết quả giao dịch"",""operation"":null,""object_labels"":[]}],""members"":[{""id"":""vcb_mobile"",""name"":""VCB Digibank Mobile"",""tier"":""client"",""description"":""Giao diện ứng dụng mobile cho khách hàng""},{""id"":""vcb_server"",""name"":""VCB Digibank Server"",""tier"":""server"",""description"":""Xử lý nghiệp vụ giao dịch và điều phối các hệ thống liên quan""}],""hints"":{}}",vcb_server,verb,true,needs_domain_review
T15-151,dev,"{""row_text"":""Cho người dùng thấy màn hình Thẻ lệ sản phẩm và cam kết"",""subject"":{""text"":""Ứng dụng Digibank"",""resolution"":""combined""},""substeps"":[{""step_key"":""41ae22c59067:151"",""quote"":""Cho người dùng thấy màn hình Thẻ lệ sản phẩm và cam kết"",""operation"":null,""object_labels"":[]}],""members"":[{""id"":""vcb_mobile"",""name"":""VCB Digibank Mobile"",""tier"":""client"",""description"":""Giao diện ứng dụng mobile cho khách hàng""},{""id"":""vcb_server"",""name"":""VCB Digibank Server"",""tier"":""server"",""description"":""Xử lý nghiệp vụ giao dịch và điều phối các hệ thống liên quan""}],""hints"":{}}",vcb_mobile,verb,false,needs_domain_review
T15-152,dev,"{""row_text"":""Cho người dùng thấy màn hình Đăng ký phát hành thẻ tín dụng cầm cố tiết kiệm (màn hình chọn/ nhập thông tin mở thẻ)"",""subject"":{""text"":""Ứng dụng Digibank"",""resolution"":""combined""},""substeps"":[{""step_key"":""8ca0f0083747:152"",""quote"":""Cho người dùng thấy màn hình Đăng ký phát hành thẻ tín dụng cầm cố tiết kiệm (màn hình chọn/ nhập thông tin mở thẻ)"",""operation"":null,""object_labels"":[]}],""members"":[{""id"":""vcb_mobile"",""name"":""VCB Digibank Mobile"",""tier"":""client"",""description"":""Giao diện ứng dụng mobile cho khách hàng""},{""id"":""vcb_server"",""name"":""VCB Digibank Server"",""tier"":""server"",""description"":""Xử lý nghiệp vụ giao dịch và điều phối các hệ thống liên quan""}],""hints"":{}}",vcb_mobile,verb,false,needs_domain_review
T15-153,dev,"{""row_text"":""Cho người dùng thấy MH Xác nhận giao dịch"",""subject"":{""text"":""Ứng dụng Digibank"",""resolution"":""combined""},""substeps"":[{""step_key"":""6c0eb9c28710:153"",""quote"":""Cho người dùng thấy MH Xác nhận giao dịch"",""operation"":null,""object_labels"":[]}],""members"":[{""id"":""vcb_mobile"",""name"":""VCB Digibank Mobile"",""tier"":""client"",""description"":""Giao diện ứng dụng mobile cho khách hàng""},{""id"":""vcb_server"",""name"":""VCB Digibank Server"",""tier"":""server"",""description"":""Xử lý nghiệp vụ giao dịch và điều phối các hệ thống liên quan""}],""hints"":{}}",vcb_mobile,verb,false,needs_domain_review
T15-154,dev,"{""row_text"":""Cho người dùng thấy MH Xác thực giao dịch, yêu cầu KH nhập OTP để xác thực"",""subject"":{""text"":""Ứng dụng Digibank"",""resolution"":""combined""},""substeps"":[{""step_key"":""5c558716cb1d:154"",""quote"":""Cho người dùng thấy MH Xác thực giao dịch, yêu cầu KH nhập OTP để xác thực"",""operation"":null,""object_labels"":[]}],""members"":[{""id"":""vcb_mobile"",""name"":""VCB Digibank Mobile"",""tier"":""client"",""description"":""Giao diện ứng dụng mobile cho khách hàng""},{""id"":""vcb_server"",""name"":""VCB Digibank Server"",""tier"":""server"",""description"":""Xử lý nghiệp vụ giao dịch và điều phối các hệ thống liên quan""}],""hints"":{}}",vcb_mobile,verb,false,needs_domain_review
T15-155,eval,"{""row_text"":""Cho người dùng thấy thông báo \""Đăng ký thành công\"" (MH-DK-03); Đồng thời ghi nhận thông tin khách hàng: Họ tên, Email, Số điện thoại, Mã số thuế, Thời gian đăng ký, Mã gói dịch vụ mặc định"",""subject"":{""text"":""PMKT VNPAY"",""resolution"":""combined""},""substeps"":[{""step_key"":""966f3dce549c:155"",""quote"":""Cho người dùng thấy thông báo \""Đăng ký thành công\"" (MH-DK-03)"",""operation"":null,""object_labels"":[]}],""members"":[{""id"":""pmkt_frontend"",""name"":""PMKT (Front-end)"",""tier"":""client"",""description"":""Giao diện website và các màn hình nghiệp vụ cho người dùng""},{""id"":""pmkt_core"",""name"":""PMKT (Core)"",""tier"":""server"",""description"":""Xử lý logic nghiệp vụ, lưu dữ liệu, hạch toán và tích hợp""}],""hints"":{}}",pmkt_frontend,verb,false,needs_domain_review
T15-156,eval,"{""row_text"":""Hiển thị thông báo \""Đăng ký thành công\"" (MH-DK-03)"",""subject"":{""text"":""PMKT VNPAY"",""resolution"":""combined""},""substeps"":[{""step_key"":""966f3dce549c:156"",""quote"":""Hiển thị thông báo \""Đăng ký thành công\"" (MH-DK-03)"",""operation"":null,""object_labels"":[]}],""members"":[{""id"":""pmkt_frontend"",""name"":""PMKT (Front-end)"",""tier"":""client"",""description"":""Giao diện website và các màn hình nghiệp vụ cho người dùng""},{""id"":""pmkt_core"",""name"":""PMKT (Core)"",""tier"":""server"",""description"":""Xử lý logic nghiệp vụ, lưu dữ liệu, hạch toán và tích hợp""}],""hints"":{}}",pmkt_frontend,verb,false,needs_domain_review
T15-157,eval,"{""row_text"":""Cho người dùng thấy thông báo \""Đăng ký thành công\"" (MH-DK-03); Đồng thời ghi nhận thông tin khách hàng: Họ tên, Email, Số điện thoại, Mã số thuế, Thời gian đăng ký, Mã gói dịch vụ mặc định"",""subject"":{""text"":""PMKT VNPAY"",""resolution"":""combined""},""substeps"":[{""step_key"":""966f3dce549c:157"",""quote"":""Cho người dùng thấy thông báo \""Đăng ký thành công\"" (MH-DK-03); Đồng thời ghi nhận thông tin khách hàng: Họ tên, Email, Số điện thoại, Mã số thuế, Thời gian đăng ký, Mã gói dịch vụ mặc định"",""operation"":null,""object_labels"":[]}],""members"":[{""id"":""pmkt_frontend"",""name"":""PMKT (Front-end)"",""tier"":""client"",""description"":""Giao diện website và các màn hình nghiệp vụ cho người dùng""},{""id"":""pmkt_core"",""name"":""PMKT (Core)"",""tier"":""server"",""description"":""Xử lý logic nghiệp vụ, lưu dữ liệu, hạch toán và tích hợp""}],""hints"":{}}",pmkt_frontend,verb,true,needs_domain_review
T15-158,dev,"{""row_text"":""Cho người dùng thấy màn hình khởi tạo giao dịch thanh toán bao gồm:; - Danh sách tài khoản nguồn của KH; - Thông tin khách hàng: Họ tên, số điện thoại, email.; - Thông tin vé: Mã thanh toán, tên phim, suất chiếu, thời lượng, rạp, địa chỉ, ghế.; - Số tiền thanh toán: Số tiền thanh toán bằng số và chữ"",""subject"":{""text"":""VCB Digibank"",""resolution"":""combined""},""substeps"":[{""step_key"":""00b25f42e74d:158"",""quote"":""Cho người dùng thấy màn hình khởi tạo giao dịch thanh toán bao gồm:"",""operation"":null,""object_labels"":[]}],""members"":[{""id"":""vcb_mobile"",""name"":""VCB Digibank Mobile"",""tier"":""client"",""description"":""Giao diện ứng dụng mobile cho khách hàng""},{""id"":""vcb_server"",""name"":""VCB Digibank Server"",""tier"":""server"",""description"":""Xử lý nghiệp vụ giao dịch và điều phối các hệ thống liên quan""}],""hints"":{}}",vcb_mobile,verb,false,needs_domain_review
T15-159,dev,"{""row_text"":""Hiển thị màn hình khởi tạo giao dịch thanh toán bao gồm:"",""subject"":{""text"":""VCB Digibank"",""resolution"":""combined""},""substeps"":[{""step_key"":""00b25f42e74d:159"",""quote"":""Hiển thị màn hình khởi tạo giao dịch thanh toán bao gồm:"",""operation"":null,""object_labels"":[]}],""members"":[{""id"":""vcb_mobile"",""name"":""VCB Digibank Mobile"",""tier"":""client"",""description"":""Giao diện ứng dụng mobile cho khách hàng""},{""id"":""vcb_server"",""name"":""VCB Digibank Server"",""tier"":""server"",""description"":""Xử lý nghiệp vụ giao dịch và điều phối các hệ thống liên quan""}],""hints"":{}}",vcb_mobile,verb,false,needs_domain_review
T15-160,dev,"{""row_text"":""Cho người dùng thấy màn hình khởi tạo giao dịch thanh toán bao gồm:; - Danh sách tài khoản nguồn của KH; - Thông tin khách hàng: Họ tên, số điện thoại, email.; - Thông tin vé: Mã thanh toán, tên phim, suất chiếu, thời lượng, rạp, địa chỉ, ghế.; - Số tiền thanh toán: Số tiền thanh toán bằng số và chữ"",""subject"":{""text"":""VCB Digibank"",""resolution"":""combined""},""substeps"":[{""step_key"":""00b25f42e74d:160"",""quote"":""Cho người dùng thấy màn hình khởi tạo giao dịch thanh toán bao gồm:; - Danh sách tài khoản nguồn của KH; - Thông tin khách hàng: Họ tên, số điện thoại, email.; - Thông tin vé: Mã thanh toán, tên phim, suất chiếu, thời lượng, rạp, địa chỉ, ghế.; - Số tiền thanh toán: Số tiền thanh toán bằng số và chữ"",""operation"":null,""object_labels"":[]}],""members"":[{""id"":""vcb_mobile"",""name"":""VCB Digibank Mobile"",""tier"":""client"",""description"":""Giao diện ứng dụng mobile cho khách hàng""},{""id"":""vcb_server"",""name"":""VCB Digibank Server"",""tier"":""server"",""description"":""Xử lý nghiệp vụ giao dịch và điều phối các hệ thống liên quan""}],""hints"":{}}",vcb_mobile,verb,false,needs_domain_review
T15-161,dev,"{""row_text"":""Cho người dùng thấy màn hình xác nhận thanh toán bao gồm các thông tin: Tài khoản nguồn, mã thanh toán, phí giao dịch, số tiền (bằng số và chữ), danh sách phương thức xác thực"",""subject"":{""text"":""VCB Digibank"",""resolution"":""combined""},""substeps"":[{""step_key"":""fb38a9086311:161"",""quote"":""Cho người dùng thấy màn hình xác nhận thanh toán bao gồm các thông tin: Tài khoản nguồn, mã thanh toán, phí giao dịch, số tiền (bằng số và chữ), danh sách phương thức xác thực"",""operation"":null,""object_labels"":[]}],""members"":[{""id"":""vcb_mobile"",""name"":""VCB Digibank Mobile"",""tier"":""client"",""description"":""Giao diện ứng dụng mobile cho khách hàng""},{""id"":""vcb_server"",""name"":""VCB Digibank Server"",""tier"":""server"",""description"":""Xử lý nghiệp vụ giao dịch và điều phối các hệ thống liên quan""}],""hints"":{}}",vcb_mobile,verb,false,needs_domain_review
T15-162,dev,"{""row_text"":""Cho người dùng thấy màn hình popup cho khách hàng thực hiện xác thực giao dịch theo phương thức đã lựa chọn"",""subject"":{""text"":""VCB Digibank"",""resolution"":""combined""},""substeps"":[{""step_key"":""6bf42f6ec746:162"",""quote"":""Cho người dùng thấy màn hình popup cho khách hàng thực hiện xác thực giao dịch theo phương thức đã lựa chọn"",""operation"":null,""object_labels"":[]}],""members"":[{""id"":""vcb_mobile"",""name"":""VCB Digibank Mobile"",""tier"":""client"",""description"":""Giao diện ứng dụng mobile cho khách hàng""},{""id"":""vcb_server"",""name"":""VCB Digibank Server"",""tier"":""server"",""description"":""Xử lý nghiệp vụ giao dịch và điều phối các hệ thống liên quan""}],""hints"":{}}",vcb_mobile,verb,false,needs_domain_review
T15-163,dev,"{""row_text"":""Thực hiện thanh toán cho giao dịch của khách hàng và cho người dùng thấy màn hình kết quả gồm có các thông tin: Thời gian giao dịch, số tiền, mã thanh toán, phí giao dịch, mã giao dịch"",""subject"":{""text"":""VCB Digibank"",""resolution"":""combined""},""substeps"":[{""step_key"":""281c6cf05f66:163"",""quote"":""Thực hiện thanh toán cho giao dịch của khách hàng và cho người dùng thấy màn hình kết quả gồm có các thông tin: Thời gian giao dịch, số tiền, mã thanh toán, phí giao dịch, mã giao dịch"",""operation"":null,""object_labels"":[]}],""members"":[{""id"":""vcb_mobile"",""name"":""VCB Digibank Mobile"",""tier"":""client"",""description"":""Giao diện ứng dụng mobile cho khách hàng""},{""id"":""vcb_server"",""name"":""VCB Digibank Server"",""tier"":""server"",""description"":""Xử lý nghiệp vụ giao dịch và điều phối các hệ thống liên quan""}],""hints"":{}}",vcb_server,verb,true,needs_domain_review
T15-164,dev,"{""row_text"":""Chuyển tới màn Hoá đơn (PRD Danh sách hoá đơn) với nút Thêm hoá đơn trên thanh công cụ"",""subject"":{""text"":""Hệ thống"",""resolution"":""generic""},""substeps"":[{""step_key"":""9f6ac06ab019:164"",""quote"":""Chuyển tới màn Hoá đơn (PRD Danh sách hoá đơn) với nút Thêm hoá đơn trên thanh công cụ"",""operation"":null,""object_labels"":[]}],""members"":[{""id"":""pmkt_frontend"",""name"":""PMKT (Front-end)"",""tier"":""client"",""description"":""Giao diện website và các màn hình nghiệp vụ cho người dùng""},{""id"":""pmkt_core"",""name"":""PMKT (Core)"",""tier"":""server"",""description"":""Xử lý logic nghiệp vụ, lưu dữ liệu, hạch toán và tích hợp""}],""hints"":{}}",pmkt_frontend,verb,false,needs_domain_review
T15-165,dev,"{""row_text"":""Chuyển tới màn Chứng từ NVK - Loại bổ sung hoá đơn ở chế độ Thêm: sinh sẵn số chứng từ, để trống hai ô ngày, hiện vùng Chứng từ gốc rỗng kèm nút Chọn chứng từ gốc; đặt breadcrumb Mua hàng › Hoá đơn › Thêm hoá đơn và giữ tô sáng mục menu Hoá đơn (BR-01, BR-29, BR-31)"",""subject"":{""text"":""Hệ thống"",""resolution"":""generic""},""substeps"":[{""step_key"":""13205d817721:165"",""quote"":""Chuyển tới màn Chứng từ NVK - Loại bổ sung hoá đơn ở chế độ Thêm: sinh sẵn số chứng từ, để trống hai ô ngày, hiện vùng Chứng từ gốc rỗng kèm nút Chọn chứng từ gốc"",""operation"":null,""object_labels"":[]}],""members"":[{""id"":""pmkt_frontend"",""name"":""PMKT (Front-end)"",""tier"":""client"",""description"":""Giao diện website và các màn hình nghiệp vụ cho người dùng""},{""id"":""pmkt_core"",""name"":""PMKT (Core)"",""tier"":""server"",""description"":""Xử lý logic nghiệp vụ, lưu dữ liệu, hạch toán và tích hợp""}],""hints"":{}}",pmkt_frontend,verb,true,needs_domain_review
T15-166,dev,"{""row_text"":""Chuyển tới màn Chứng từ NVK - Loại bổ sung hoá đơn ở chế độ Thêm: sinh sẵn số chứng từ, để trống hai ô ngày, hiện vùng Chứng từ gốc rỗng kèm nút Chọn chứng từ gốc; đặt breadcrumb Mua hàng › Hoá đơn › Thêm hoá đơn và giữ tô sáng mục menu Hoá đơn (BR-01, BR-29, BR-31)"",""subject"":{""text"":""Hệ thống"",""resolution"":""generic""},""substeps"":[{""step_key"":""13205d817721:166"",""quote"":""Chuyển tới màn Chứng từ NVK - Loại bổ sung hoá đơn ở chế độ Thêm: sinh sẵn số chứng từ, để trống hai ô ngày, hiện vùng Chứng từ gốc rỗng kèm nút Chọn chứng từ gốc; đặt breadcrumb Mua hàng › Hoá đơn › Thêm hoá đơn và giữ tô sáng mục menu Hoá đơn (BR-01, BR-29, BR-31)"",""operation"":null,""object_labels"":[]}],""members"":[{""id"":""pmkt_frontend"",""name"":""PMKT (Front-end)"",""tier"":""client"",""description"":""Giao diện website và các màn hình nghiệp vụ cho người dùng""},{""id"":""pmkt_core"",""name"":""PMKT (Core)"",""tier"":""server"",""description"":""Xử lý logic nghiệp vụ, lưu dữ liệu, hạch toán và tích hợp""}],""hints"":{}}",pmkt_frontend,verb,true,needs_domain_review
T15-167,dev,"{""row_text"":""Mở popup Chọn chứng từ gốc cần thêm hoá đơn, quét ba nguồn chứng từ và liệt kê những chứng từ đã ghi sổ, không thuộc diện không có hoá đơn, chưa có số hoá đơn khai thẳng trên chứng từ và chưa có chứng từ nghiệp vụ khác nào lưu lại hoá đơn, Ngày hạch toán mới nhất lên trước; gắn nhãn Đã khoá sổ / Đang mở ở cột Kỳ kế toán (BR-03, BR-04, BR-05)"",""subject"":{""text"":""Hệ thống"",""resolution"":""generic""},""substeps"":[{""step_key"":""e035952b1416:167"",""quote"":""Mở popup Chọn chứng từ gốc cần thêm hoá đơn, quét ba nguồn chứng từ và liệt kê những chứng từ đã ghi sổ, không thuộc diện không có hoá đơn, chưa có số hoá đơn khai thẳng trên chứng từ và chưa có chứng từ nghiệp vụ khác nào lưu lại hoá đơn, Ngày hạch toán mới nhất lên trước"",""operation"":null,""object_labels"":[]}],""members"":[{""id"":""pmkt_frontend"",""name"":""PMKT (Front-end)"",""tier"":""client"",""description"":""Giao diện website và các màn hình nghiệp vụ cho người dùng""},{""id"":""pmkt_core"",""name"":""PMKT (Core)"",""tier"":""server"",""description"":""Xử lý logic nghiệp vụ, lưu dữ liệu, hạch toán và tích hợp""}],""hints"":{}}",pmkt_frontend,verb,true,needs_domain_review
T15-168,dev,"{""row_text"":""Mở popup Chọn chứng từ gốc cần thêm hoá đơn, quét ba nguồn chứng từ và liệt kê những chứng từ đã ghi sổ, không thuộc diện không có hoá đơn, chưa có số hoá đơn khai thẳng trên chứng từ và chưa có chứng từ nghiệp vụ khác nào lưu lại hoá đơn, Ngày hạch toán mới nhất lên trước; gắn nhãn Đã khoá sổ / Đang mở ở cột Kỳ kế toán (BR-03, BR-04, BR-05)"",""subject"":{""text"":""Hệ thống"",""resolution"":""generic""},""substeps"":[{""step_key"":""e035952b1416:168"",""quote"":""Mở popup Chọn chứng từ gốc cần thêm hoá đơn, quét ba nguồn chứng từ và liệt kê những chứng từ đã ghi sổ, không thuộc diện không có hoá đơn, chưa có số hoá đơn khai thẳng trên chứng từ và chưa có chứng từ nghiệp vụ khác nào lưu lại hoá đơn, Ngày hạch toán mới nhất lên trước; gắn nhãn Đã khoá sổ / Đang mở ở cột Kỳ kế toán (BR-03, BR-04, BR-05)"",""operation"":null,""object_labels"":[]}],""members"":[{""id"":""pmkt_frontend"",""name"":""PMKT (Front-end)"",""tier"":""client"",""description"":""Giao diện website và các màn hình nghiệp vụ cho người dùng""},{""id"":""pmkt_core"",""name"":""PMKT (Core)"",""tier"":""server"",""description"":""Xử lý logic nghiệp vụ, lưu dữ liệu, hạch toán và tích hợp""}],""hints"":{}}",pmkt_frontend,verb,true,needs_domain_review
T15-169,dev,"{""row_text"":""Lọc lại bảng ngay theo điều kiện vừa đặt và cập nhật số đếm chứng từ đang chờ"",""subject"":{""text"":""Hệ thống"",""resolution"":""generic""},""substeps"":[{""step_key"":""7a323aaa76fd:169"",""quote"":""Lọc lại bảng ngay theo điều kiện vừa đặt và cập nhật số đếm chứng từ đang chờ"",""operation"":null,""object_labels"":[]}],""members"":[{""id"":""pmkt_frontend"",""name"":""PMKT (Front-end)"",""tier"":""client"",""description"":""Giao diện website và các màn hình nghiệp vụ cho người dùng""},{""id"":""pmkt_core"",""name"":""PMKT (Core)"",""tier"":""server"",""description"":""Xử lý logic nghiệp vụ, lưu dữ liệu, hạch toán và tích hợp""}],""hints"":{}}",pmkt_frontend,verb,false,needs_domain_review
T15-170,dev,"{""row_text"":""Ngày hạch toán thuộc kỳ đã khoá thì báo đỏ, hiện băng cảnh báo nêu mốc khoá sổ và chip Kỳ kế toán đang mở chưa đạt"",""subject"":{""text"":""Hệ thống"",""resolution"":""generic""},""substeps"":[{""step_key"":""5c5e536fd47d:170"",""quote"":""Ngày hạch toán thuộc kỳ đã khoá thì báo đỏ, hiện băng cảnh báo nêu mốc khoá sổ và chip Kỳ kế toán đang mở chưa đạt"",""operation"":null,""object_labels"":[]}],""members"":[{""id"":""pmkt_frontend"",""name"":""PMKT (Front-end)"",""tier"":""client"",""description"":""Giao diện website và các màn hình nghiệp vụ cho người dùng""},{""id"":""pmkt_core"",""name"":""PMKT (Core)"",""tier"":""server"",""description"":""Xử lý logic nghiệp vụ, lưu dữ liệu, hạch toán và tích hợp""}],""hints"":{}}",pmkt_frontend,verb,false,needs_domain_review
T15-171,dev,"{""row_text"":""Lưu lại giá trị vừa nhập, không vẽ lại màn"",""subject"":{""text"":""Hệ thống"",""resolution"":""generic""},""substeps"":[{""step_key"":""146050f98d39:171"",""quote"":""Lưu lại giá trị vừa nhập, không vẽ lại màn"",""operation"":null,""object_labels"":[]}],""members"":[{""id"":""pmkt_frontend"",""name"":""PMKT (Front-end)"",""tier"":""client"",""description"":""Giao diện website và các màn hình nghiệp vụ cho người dùng""},{""id"":""pmkt_core"",""name"":""PMKT (Core)"",""tier"":""server"",""description"":""Xử lý logic nghiệp vụ, lưu dữ liệu, hạch toán và tích hợp""}],""hints"":{}}",pmkt_core,verb,false,needs_domain_review
T15-172,dev,"{""row_text"":""Tính lại giá trị Tiền thuế GTGT của dòng vừa đổi, gợi lại TK thuế GTGT theo tài khoản thuế đầu vào của mức thuế suất vừa chọn, rồi cập nhật dòng Cộng của bảng và hai số tổng của tờ hoá đơn; dòng nào còn thiếu % thuế GTGT thì chip Đủ %GTGT chưa đạt (BR-10, BR-25, BR-35, BR-42)"",""subject"":{""text"":""Hệ thống"",""resolution"":""generic""},""substeps"":[{""step_key"":""e7083c6b48da:172"",""quote"":""Tính lại giá trị Tiền thuế GTGT của dòng vừa đổi, gợi lại TK thuế GTGT theo tài khoản thuế đầu vào của mức thuế suất vừa chọn, rồi cập nhật dòng Cộng của bảng và hai số tổng của tờ hoá đơn"",""operation"":null,""object_labels"":[]}],""members"":[{""id"":""pmkt_frontend"",""name"":""PMKT (Front-end)"",""tier"":""client"",""description"":""Giao diện website và các màn hình nghiệp vụ cho người dùng""},{""id"":""pmkt_core"",""name"":""PMKT (Core)"",""tier"":""server"",""description"":""Xử lý logic nghiệp vụ, lưu dữ liệu, hạch toán và tích hợp""}],""hints"":{}}",pmkt_core,verb,true,needs_domain_review
T15-173,dev,"{""row_text"":""Tính lại giá trị Tiền thuế GTGT của dòng vừa đổi, gợi lại TK thuế GTGT theo tài khoản thuế đầu vào của mức thuế suất vừa chọn, rồi cập nhật dòng Cộng của bảng và hai số tổng của tờ hoá đơn; dòng nào còn thiếu % thuế GTGT thì chip Đủ %GTGT chưa đạt (BR-10, BR-25, BR-35, BR-42)"",""subject"":{""text"":""Hệ thống"",""resolution"":""generic""},""substeps"":[{""step_key"":""e7083c6b48da:173"",""quote"":""Tính lại giá trị Tiền thuế GTGT của dòng vừa đổi, gợi lại TK thuế GTGT theo tài khoản thuế đầu vào của mức thuế suất vừa chọn, rồi cập nhật dòng Cộng của bảng và hai số tổng của tờ hoá đơn; dòng nào còn thiếu % thuế GTGT thì chip Đủ %GTGT chưa đạt (BR-10, BR-25, BR-35, BR-42)"",""operation"":null,""object_labels"":[]}],""members"":[{""id"":""pmkt_frontend"",""name"":""PMKT (Front-end)"",""tier"":""client"",""description"":""Giao diện website và các màn hình nghiệp vụ cho người dùng""},{""id"":""pmkt_core"",""name"":""PMKT (Core)"",""tier"":""server"",""description"":""Xử lý logic nghiệp vụ, lưu dữ liệu, hạch toán và tích hợp""}],""hints"":{}}",pmkt_core,verb,true,needs_domain_review
T15-174,dev,"{""row_text"":""Gán dòng về tờ hoá đơn đã chọn, ánh bốn trường hoá đơn của tờ đó xuống dòng, tính lại giá trị tổng của từng tờ và của cả bảng (BR-08, BR-10)"",""subject"":{""text"":""Hệ thống"",""resolution"":""generic""},""substeps"":[{""step_key"":""f58ff7820428:174"",""quote"":""Gán dòng về tờ hoá đơn đã chọn, ánh bốn trường hoá đơn của tờ đó xuống dòng, tính lại giá trị tổng của từng tờ và của cả bảng (BR-08, BR-10)"",""operation"":null,""object_labels"":[]}],""members"":[{""id"":""pmkt_frontend"",""name"":""PMKT (Front-end)"",""tier"":""client"",""description"":""Giao diện website và các màn hình nghiệp vụ cho người dùng""},{""id"":""pmkt_core"",""name"":""PMKT (Core)"",""tier"":""server"",""description"":""Xử lý logic nghiệp vụ, lưu dữ liệu, hạch toán và tích hợp""}],""hints"":{}}",pmkt_core,verb,false,needs_domain_review
T15-175,dev,"{""row_text"":""sinh bút toán Nợ TK thuế GTGT / Có TK 331 theo tổng tiền thuế"",""subject"":{""text"":""Hệ thống"",""resolution"":""generic""},""substeps"":[{""step_key"":""240697b422ce:175"",""quote"":""sinh bút toán Nợ TK thuế GTGT / Có TK 331 theo tổng tiền thuế"",""operation"":null,""object_labels"":[]}],""members"":[{""id"":""pmkt_frontend"",""name"":""PMKT (Front-end)"",""tier"":""client"",""description"":""Giao diện website và các màn hình nghiệp vụ cho người dùng""},{""id"":""pmkt_core"",""name"":""PMKT (Core)"",""tier"":""server"",""description"":""Xử lý logic nghiệp vụ, lưu dữ liệu, hạch toán và tích hợp""}],""hints"":{}}",pmkt_core,verb,false,needs_domain_review
T15-176,dev,"{""row_text"":""Kiểm số chứng từ như bước 34"",""subject"":{""text"":""Hệ thống"",""resolution"":""generic""},""substeps"":[{""step_key"":""05c03126a7b5:176"",""quote"":""Kiểm số chứng từ như bước 34"",""operation"":null,""object_labels"":[]}],""members"":[{""id"":""pmkt_frontend"",""name"":""PMKT (Front-end)"",""tier"":""client"",""description"":""Giao diện website và các màn hình nghiệp vụ cho người dùng""},{""id"":""pmkt_core"",""name"":""PMKT (Core)"",""tier"":""server"",""description"":""Xử lý logic nghiệp vụ, lưu dữ liệu, hạch toán và tích hợp""}],""hints"":{}}",pmkt_core,verb,false,needs_domain_review
T15-177,dev,"{""row_text"":""riêng vùng Tham chiếu của chứng từ gốc chưa hiện chứng từ này. Quay về màn Hoá đơn và hiện thông báo nêu đúng hai điều đó (BR-34, BR-39)"",""subject"":{""text"":""Hệ thống"",""resolution"":""generic""},""substeps"":[{""step_key"":""05c03126a7b5:177"",""quote"":""riêng vùng Tham chiếu của chứng từ gốc chưa hiện chứng từ này. Quay về màn Hoá đơn và hiện thông báo nêu đúng hai điều đó (BR-34, BR-39)"",""operation"":null,""object_labels"":[]}],""members"":[{""id"":""pmkt_frontend"",""name"":""PMKT (Front-end)"",""tier"":""client"",""description"":""Giao diện website và các màn hình nghiệp vụ cho người dùng""},{""id"":""pmkt_core"",""name"":""PMKT (Core)"",""tier"":""server"",""description"":""Xử lý logic nghiệp vụ, lưu dữ liệu, hạch toán và tích hợp""}],""hints"":{}}",pmkt_frontend,verb,false,needs_domain_review
T15-178,dev,"{""row_text"":""Chuyển tới màn ở chế độ Xem chi tiết, dựng lại từ chứng từ đã lưu — hai ngày, diễn giải, các tờ hoá đơn, % thuế GTGT, Tiền thuế GTGT và TK thuế GTGT từng dòng; dòng hàng đọc lại từ chứng từ gốc. Breadcrumb mang số chứng từ, nhãn trạng thái đúng trạng thái đang lưu; mọi ô chỉ đọc; không có nút Đổi, Thêm số hoá đơn, nút xoá tờ và dải chip; chân trang dựng theo trạng thái, nút không thực hiện được khoá kèm lý do (BR-36, BR-37, BR-38)"",""subject"":{""text"":""Hệ thống"",""resolution"":""generic""},""substeps"":[{""step_key"":""e0f5562c8443:178"",""quote"":""Chuyển tới màn ở chế độ Xem chi tiết, dựng lại từ chứng từ đã lưu — hai ngày, diễn giải, các tờ hoá đơn, % thuế GTGT, Tiền thuế GTGT và TK thuế GTGT từng dòng"",""operation"":null,""object_labels"":[]}],""members"":[{""id"":""pmkt_frontend"",""name"":""PMKT (Front-end)"",""tier"":""client"",""description"":""Giao diện website và các màn hình nghiệp vụ cho người dùng""},{""id"":""pmkt_core"",""name"":""PMKT (Core)"",""tier"":""server"",""description"":""Xử lý logic nghiệp vụ, lưu dữ liệu, hạch toán và tích hợp""}],""hints"":{}}",pmkt_frontend,verb,false,needs_domain_review
T15-179,dev,"{""row_text"":""Mở màn ở chế độ Xem chi tiết, dựng lại từ chứng từ đã lưu — hai ngày, diễn giải, các tờ hoá đơn, % thuế GTGT, Tiền thuế GTGT và TK thuế GTGT từng dòng"",""subject"":{""text"":""Hệ thống"",""resolution"":""generic""},""substeps"":[{""step_key"":""e0f5562c8443:179"",""quote"":""Mở màn ở chế độ Xem chi tiết, dựng lại từ chứng từ đã lưu — hai ngày, diễn giải, các tờ hoá đơn, % thuế GTGT, Tiền thuế GTGT và TK thuế GTGT từng dòng"",""operation"":null,""object_labels"":[]}],""members"":[{""id"":""pmkt_frontend"",""name"":""PMKT (Front-end)"",""tier"":""client"",""description"":""Giao diện website và các màn hình nghiệp vụ cho người dùng""},{""id"":""pmkt_core"",""name"":""PMKT (Core)"",""tier"":""server"",""description"":""Xử lý logic nghiệp vụ, lưu dữ liệu, hạch toán và tích hợp""}],""hints"":{}}",pmkt_frontend,verb,false,needs_domain_review
T15-180,dev,"{""row_text"":""kiểm số chứng từ không trùng, không tính chính chứng từ đang sửa"",""subject"":{""text"":""Hệ thống"",""resolution"":""generic""},""substeps"":[{""step_key"":""39ebac7797a5:180"",""quote"":""kiểm số chứng từ không trùng, không tính chính chứng từ đang sửa"",""operation"":null,""object_labels"":[]}],""members"":[{""id"":""pmkt_frontend"",""name"":""PMKT (Front-end)"",""tier"":""client"",""description"":""Giao diện website và các màn hình nghiệp vụ cho người dùng""},{""id"":""pmkt_core"",""name"":""PMKT (Core)"",""tier"":""server"",""description"":""Xử lý logic nghiệp vụ, lưu dữ liệu, hạch toán và tích hợp""}],""hints"":{}}",pmkt_core,verb,false,needs_domain_review
T15-181,dev,"{""row_text"":""quay về màn Hoá đơn và hiện thông báo như bước"",""subject"":{""text"":""Hệ thống"",""resolution"":""generic""},""substeps"":[{""step_key"":""39ebac7797a5:181"",""quote"":""quay về màn Hoá đơn và hiện thông báo như bước"",""operation"":null,""object_labels"":[]}],""members"":[{""id"":""pmkt_frontend"",""name"":""PMKT (Front-end)"",""tier"":""client"",""description"":""Giao diện website và các màn hình nghiệp vụ cho người dùng""},{""id"":""pmkt_core"",""name"":""PMKT (Core)"",""tier"":""server"",""description"":""Xử lý logic nghiệp vụ, lưu dữ liệu, hạch toán và tích hợp""}],""hints"":{}}",pmkt_frontend,verb,false,needs_domain_review
T15-182,dev,"{""row_text"":""Xoá chứng từ nghiệp vụ khác cùng toàn bộ hoá đơn nó giữ, nên những dòng hoá đơn đó rời khỏi danh sách hoá đơn"",""subject"":{""text"":""Hệ thống"",""resolution"":""generic""},""substeps"":[{""step_key"":""0a24b6fdbc96:182"",""quote"":""Xoá chứng từ nghiệp vụ khác cùng toàn bộ hoá đơn nó giữ, nên những dòng hoá đơn đó rời khỏi danh sách hoá đơn"",""operation"":null,""object_labels"":[]}],""members"":[{""id"":""pmkt_frontend"",""name"":""PMKT (Front-end)"",""tier"":""client"",""description"":""Giao diện website và các màn hình nghiệp vụ cho người dùng""},{""id"":""pmkt_core"",""name"":""PMKT (Core)"",""tier"":""server"",""description"":""Xử lý logic nghiệp vụ, lưu dữ liệu, hạch toán và tích hợp""}],""hints"":{}}",pmkt_core,verb,false,needs_domain_review
T15-183,dev,"{""row_text"":""quay về màn Hoá đơn và hiện thông báo"",""subject"":{""text"":""Hệ thống"",""resolution"":""generic""},""substeps"":[{""step_key"":""0a24b6fdbc96:183"",""quote"":""quay về màn Hoá đơn và hiện thông báo"",""operation"":null,""object_labels"":[]}],""members"":[{""id"":""pmkt_frontend"",""name"":""PMKT (Front-end)"",""tier"":""client"",""description"":""Giao diện website và các màn hình nghiệp vụ cho người dùng""},{""id"":""pmkt_core"",""name"":""PMKT (Core)"",""tier"":""server"",""description"":""Xử lý logic nghiệp vụ, lưu dữ liệu, hạch toán và tích hợp""}],""hints"":{}}",pmkt_frontend,verb,false,needs_domain_review
T15-184,eval,"{""row_text"":""Cho người dùng thấy màn hình khởi tạo giao dịch với:; - Danh sách tài khoản nguồn hợp lệ; - Danh sách ngân hàng thụ hưởng trong nước"",""subject"":{""text"":""VCB Digibank"",""resolution"":""combined""},""substeps"":[{""step_key"":""94fa29295efb:184"",""quote"":""Cho người dùng thấy màn hình khởi tạo giao dịch với:"",""operation"":null,""object_labels"":[]}],""members"":[{""id"":""vcb_mobile"",""name"":""VCB Digibank Mobile"",""tier"":""client"",""description"":""Giao diện ứng dụng mobile cho khách hàng""},{""id"":""vcb_server"",""name"":""VCB Digibank Server"",""tier"":""server"",""description"":""Xử lý nghiệp vụ giao dịch và điều phối các hệ thống liên quan""}],""hints"":{}}",vcb_mobile,verb,false,needs_domain_review
T15-185,eval,"{""row_text"":""Hiển thị màn hình khởi tạo giao dịch với:"",""subject"":{""text"":""VCB Digibank"",""resolution"":""combined""},""substeps"":[{""step_key"":""94fa29295efb:185"",""quote"":""Hiển thị màn hình khởi tạo giao dịch với:"",""operation"":null,""object_labels"":[]}],""members"":[{""id"":""vcb_mobile"",""name"":""VCB Digibank Mobile"",""tier"":""client"",""description"":""Giao diện ứng dụng mobile cho khách hàng""},{""id"":""vcb_server"",""name"":""VCB Digibank Server"",""tier"":""server"",""description"":""Xử lý nghiệp vụ giao dịch và điều phối các hệ thống liên quan""}],""hints"":{}}",vcb_mobile,verb,false,needs_domain_review
T15-186,eval,"{""row_text"":""Cho người dùng thấy màn hình khởi tạo giao dịch với:; - Danh sách tài khoản nguồn hợp lệ; - Danh sách ngân hàng thụ hưởng trong nước"",""subject"":{""text"":""VCB Digibank"",""resolution"":""combined""},""substeps"":[{""step_key"":""94fa29295efb:186"",""quote"":""Cho người dùng thấy màn hình khởi tạo giao dịch với:; - Danh sách tài khoản nguồn hợp lệ; - Danh sách ngân hàng thụ hưởng trong nước"",""operation"":null,""object_labels"":[]}],""members"":[{""id"":""vcb_mobile"",""name"":""VCB Digibank Mobile"",""tier"":""client"",""description"":""Giao diện ứng dụng mobile cho khách hàng""},{""id"":""vcb_server"",""name"":""VCB Digibank Server"",""tier"":""server"",""description"":""Xử lý nghiệp vụ giao dịch và điều phối các hệ thống liên quan""}],""hints"":{}}",vcb_mobile,verb,false,needs_domain_review
T15-187,eval,"{""row_text"":""Thực hiện kiểm tra thông tin thụ hưởng và cho người dùng thấy tên người thụ hưởng cho KH"",""subject"":{""text"":""VCB Digibank"",""resolution"":""combined""},""substeps"":[{""step_key"":""a5532dc12e75:187"",""quote"":""Thực hiện kiểm tra thông tin thụ hưởng và cho người dùng thấy tên người thụ hưởng cho KH"",""operation"":null,""object_labels"":[]}],""members"":[{""id"":""vcb_mobile"",""name"":""VCB Digibank Mobile"",""tier"":""client"",""description"":""Giao diện ứng dụng mobile cho khách hàng""},{""id"":""vcb_server"",""name"":""VCB Digibank Server"",""tier"":""server"",""description"":""Xử lý nghiệp vụ giao dịch và điều phối các hệ thống liên quan""}],""hints"":{}}",vcb_server,verb,true,needs_domain_review
T15-188,eval,"{""row_text"":""Kiểm tra tính hợp lệ của tài khoản nguồn và tài khoản thụ hưởng, kiểm tra các hạn mức giao dịch, tính phí giao dịch và cho người dùng thấy màn hình xác nhận"",""subject"":{""text"":""VCB Digibank"",""resolution"":""combined""},""substeps"":[{""step_key"":""b355305b6093:188"",""quote"":""Kiểm tra tính hợp lệ của tài khoản nguồn và tài khoản thụ hưởng, kiểm tra các hạn mức giao dịch, tính phí giao dịch và cho người dùng thấy màn hình xác nhận"",""operation"":null,""object_labels"":[]}],""members"":[{""id"":""vcb_mobile"",""name"":""VCB Digibank Mobile"",""tier"":""client"",""description"":""Giao diện ứng dụng mobile cho khách hàng""},{""id"":""vcb_server"",""name"":""VCB Digibank Server"",""tier"":""server"",""description"":""Xử lý nghiệp vụ giao dịch và điều phối các hệ thống liên quan""}],""hints"":{}}",vcb_server,verb,true,needs_domain_review
T15-189,eval,"{""row_text"":""Thực hiện xác thực giao dịch cho khách hàng, hạch toán tài giao dịch, thông báo kết quả cho KH qua OTT và email, đồng thời cho người dùng thấy màn hình kết quả giao dịch"",""subject"":{""text"":""VCB Digibank"",""resolution"":""combined""},""substeps"":[{""step_key"":""1c80e5297a6a:189"",""quote"":""Thực hiện xác thực giao dịch cho khách hàng, hạch toán tài giao dịch, thông báo kết quả cho KH qua OTT và email, đồng thời cho người dùng thấy màn hình kết quả giao dịch"",""operation"":null,""object_labels"":[]}],""members"":[{""id"":""vcb_mobile"",""name"":""VCB Digibank Mobile"",""tier"":""client"",""description"":""Giao diện ứng dụng mobile cho khách hàng""},{""id"":""vcb_server"",""name"":""VCB Digibank Server"",""tier"":""server"",""description"":""Xử lý nghiệp vụ giao dịch và điều phối các hệ thống liên quan""}],""hints"":{}}",vcb_server,verb,true,needs_domain_review
T15-190,eval,"{""row_text"":""Cho người dùng thấy màn hình khởi tạo giao dịch với danh sách tài khoản nguồn hợp lệ"",""subject"":{""text"":""VCB Digibank"",""resolution"":""combined""},""substeps"":[{""step_key"":""c26a1607f0d7:190"",""quote"":""Cho người dùng thấy màn hình khởi tạo giao dịch với danh sách tài khoản nguồn hợp lệ"",""operation"":null,""object_labels"":[]}],""members"":[{""id"":""vcb_mobile"",""name"":""VCB Digibank Mobile"",""tier"":""client"",""description"":""Giao diện ứng dụng mobile cho khách hàng""},{""id"":""vcb_server"",""name"":""VCB Digibank Server"",""tier"":""server"",""description"":""Xử lý nghiệp vụ giao dịch và điều phối các hệ thống liên quan""}],""hints"":{}}",vcb_mobile,verb,false,needs_domain_review
T15-191,eval,"{""row_text"":""Kiểm tra tính hợp lệ của tài khoản nguồn và tài khoản thụ hưởng, kiểm tra hạn mức giao dịch và cho người dùng thấy màn hình xác nhận"",""subject"":{""text"":""VCB Digibank"",""resolution"":""combined""},""substeps"":[{""step_key"":""3ae3fa5ccbad:191"",""quote"":""Kiểm tra tính hợp lệ của tài khoản nguồn và tài khoản thụ hưởng, kiểm tra hạn mức giao dịch và cho người dùng thấy màn hình xác nhận"",""operation"":null,""object_labels"":[]}],""members"":[{""id"":""vcb_mobile"",""name"":""VCB Digibank Mobile"",""tier"":""client"",""description"":""Giao diện ứng dụng mobile cho khách hàng""},{""id"":""vcb_server"",""name"":""VCB Digibank Server"",""tier"":""server"",""description"":""Xử lý nghiệp vụ giao dịch và điều phối các hệ thống liên quan""}],""hints"":{}}",vcb_server,verb,true,needs_domain_review
T15-192,eval,"{""row_text"":""Xác thực giao dịch, hạch toán giao dịch, thông báo kết quả cho khách hàng và cho người dùng thấy màn hình kết quả giao dịch"",""subject"":{""text"":""VCB Digibank"",""resolution"":""combined""},""substeps"":[{""step_key"":""2a92226500d7:192"",""quote"":""Xác thực giao dịch, hạch toán giao dịch, thông báo kết quả cho khách hàng và cho người dùng thấy màn hình kết quả giao dịch"",""operation"":null,""object_labels"":[]}],""members"":[{""id"":""vcb_mobile"",""name"":""VCB Digibank Mobile"",""tier"":""client"",""description"":""Giao diện ứng dụng mobile cho khách hàng""},{""id"":""vcb_server"",""name"":""VCB Digibank Server"",""tier"":""server"",""description"":""Xử lý nghiệp vụ giao dịch và điều phối các hệ thống liên quan""}],""hints"":{}}",vcb_server,verb,true,needs_domain_review
T15-193,dev,"{""row_text"":""Xử lý các bước sau:; 1/ Đối chiếu thông tin khung giờ hoạt động ; 2/ Kiểm tra thông tin khách hàng đủ tuổi để thực hiện chức năng; 3/ Kiểm tra thông tin GTTT của khách hàng còn hạn theo thông tư 17; 4/ Gọi bank kiểm tra KH đã thu thập sinh trắc học; 5/ Gọi bank kiểm tra thông tin KH hợp lệ để được phát hành thẻ: không thuộc nhóm blacklist, điều kiện nhóm nợ thỏa mãn; 6/ Gọi bank và xử lý lọc danh sách thẻ để kiểm tra KH chưa có thẻ tín dụng còn hoạt động; 7/ Hiển thị màn hình Thẻ lệ sản phẩm và cam kết"",""subject"":{""text"":""Ứng dụng Digibank"",""resolution"":""combined""},""substeps"":[{""step_key"":""4bd1665e5b10:193"",""quote"":""1/ Đối chiếu thông tin khung giờ hoạt động"",""operation"":null,""object_labels"":[]}],""members"":[{""id"":""vcb_mobile"",""name"":""VCB Digibank Mobile"",""tier"":""client"",""description"":""Giao diện ứng dụng mobile cho khách hàng""},{""id"":""vcb_server"",""name"":""VCB Digibank Server"",""tier"":""server"",""description"":""Xử lý nghiệp vụ giao dịch và điều phối các hệ thống liên quan""}],""hints"":{}}",vcb_server,verb,false,needs_domain_review
T15-194,dev,"{""row_text"":""1/ Kiểm tra thông tin khung giờ hoạt động"",""subject"":{""text"":""Ứng dụng Digibank"",""resolution"":""combined""},""substeps"":[{""step_key"":""4bd1665e5b10:194"",""quote"":""1/ Kiểm tra thông tin khung giờ hoạt động"",""operation"":null,""object_labels"":[]}],""members"":[{""id"":""vcb_mobile"",""name"":""VCB Digibank Mobile"",""tier"":""client"",""description"":""Giao diện ứng dụng mobile cho khách hàng""},{""id"":""vcb_server"",""name"":""VCB Digibank Server"",""tier"":""server"",""description"":""Xử lý nghiệp vụ giao dịch và điều phối các hệ thống liên quan""}],""hints"":{}}",vcb_server,verb,false,needs_domain_review
T15-195,dev,"{""row_text"":""Xử lý các bước sau:; 1/ Kiểm tra thông tin khung giờ hoạt động ; 2/ Đối chiếu thông tin khách hàng đủ tuổi để thực hiện chức năng; 3/ Kiểm tra thông tin GTTT của khách hàng còn hạn theo thông tư 17; 4/ Gọi bank kiểm tra KH đã thu thập sinh trắc học; 5/ Gọi bank kiểm tra thông tin KH hợp lệ để được phát hành thẻ: không thuộc nhóm blacklist, điều kiện nhóm nợ thỏa mãn; 6/ Gọi bank và xử lý lọc danh sách thẻ để kiểm tra KH chưa có thẻ tín dụng còn hoạt động; 7/ Hiển thị màn hình Thẻ lệ sản phẩm và cam kết"",""subject"":{""text"":""Ứng dụng Digibank"",""resolution"":""combined""},""substeps"":[{""step_key"":""4bd1665e5b10:195"",""quote"":""2/ Đối chiếu thông tin khách hàng đủ tuổi để thực hiện chức năng"",""operation"":null,""object_labels"":[]}],""members"":[{""id"":""vcb_mobile"",""name"":""VCB Digibank Mobile"",""tier"":""client"",""description"":""Giao diện ứng dụng mobile cho khách hàng""},{""id"":""vcb_server"",""name"":""VCB Digibank Server"",""tier"":""server"",""description"":""Xử lý nghiệp vụ giao dịch và điều phối các hệ thống liên quan""}],""hints"":{}}",vcb_server,verb,false,needs_domain_review
T15-196,dev,"{""row_text"":""2/ Kiểm tra thông tin khách hàng đủ tuổi để thực hiện chức năng"",""subject"":{""text"":""Ứng dụng Digibank"",""resolution"":""combined""},""substeps"":[{""step_key"":""4bd1665e5b10:196"",""quote"":""2/ Kiểm tra thông tin khách hàng đủ tuổi để thực hiện chức năng"",""operation"":null,""object_labels"":[]}],""members"":[{""id"":""vcb_mobile"",""name"":""VCB Digibank Mobile"",""tier"":""client"",""description"":""Giao diện ứng dụng mobile cho khách hàng""},{""id"":""vcb_server"",""name"":""VCB Digibank Server"",""tier"":""server"",""description"":""Xử lý nghiệp vụ giao dịch và điều phối các hệ thống liên quan""}],""hints"":{}}",vcb_server,verb,false,needs_domain_review
T15-197,dev,"{""row_text"":""Xử lý các bước sau:; 1/ Kiểm tra thông tin khung giờ hoạt động ; 2/ Kiểm tra thông tin khách hàng đủ tuổi để thực hiện chức năng; 3/ Đối chiếu thông tin GTTT của khách hàng còn hạn theo thông tư 17; 4/ Gọi bank kiểm tra KH đã thu thập sinh trắc học; 5/ Gọi bank kiểm tra thông tin KH hợp lệ để được phát hành thẻ: không thuộc nhóm blacklist, điều kiện nhóm nợ thỏa mãn; 6/ Gọi bank và xử lý lọc danh sách thẻ để kiểm tra KH chưa có thẻ tín dụng còn hoạt động; 7/ Hiển thị màn hình Thẻ lệ sản phẩm và cam kết"",""subject"":{""text"":""Ứng dụng Digibank"",""resolution"":""combined""},""substeps"":[{""step_key"":""4bd1665e5b10:197"",""quote"":""3/ Đối chiếu thông tin GTTT của khách hàng còn hạn theo thông tư 17"",""operation"":null,""object_labels"":[]}],""members"":[{""id"":""vcb_mobile"",""name"":""VCB Digibank Mobile"",""tier"":""client"",""description"":""Giao diện ứng dụng mobile cho khách hàng""},{""id"":""vcb_server"",""name"":""VCB Digibank Server"",""tier"":""server"",""description"":""Xử lý nghiệp vụ giao dịch và điều phối các hệ thống liên quan""}],""hints"":{}}",vcb_server,verb,false,needs_domain_review
T15-198,dev,"{""row_text"":""3/ Kiểm tra thông tin GTTT của khách hàng còn hạn theo thông tư 17"",""subject"":{""text"":""Ứng dụng Digibank"",""resolution"":""combined""},""substeps"":[{""step_key"":""4bd1665e5b10:198"",""quote"":""3/ Kiểm tra thông tin GTTT của khách hàng còn hạn theo thông tư 17"",""operation"":null,""object_labels"":[]}],""members"":[{""id"":""vcb_mobile"",""name"":""VCB Digibank Mobile"",""tier"":""client"",""description"":""Giao diện ứng dụng mobile cho khách hàng""},{""id"":""vcb_server"",""name"":""VCB Digibank Server"",""tier"":""server"",""description"":""Xử lý nghiệp vụ giao dịch và điều phối các hệ thống liên quan""}],""hints"":{}}",vcb_server,verb,false,needs_domain_review
T15-199,dev,"{""row_text"":""Xử lý các bước sau:; 1/ Kiểm tra thông tin khung giờ hoạt động ; 2/ Kiểm tra thông tin khách hàng đủ tuổi để thực hiện chức năng; 3/ Kiểm tra thông tin GTTT của khách hàng còn hạn theo thông tư 17; 4/ Gọi bank đối chiếu KH đã thu thập sinh trắc học; 5/ Gọi bank kiểm tra thông tin KH hợp lệ để được phát hành thẻ: không thuộc nhóm blacklist, điều kiện nhóm nợ thỏa mãn; 6/ Gọi bank và xử lý lọc danh sách thẻ để kiểm tra KH chưa có thẻ tín dụng còn hoạt động; 7/ Hiển thị màn hình Thẻ lệ sản phẩm và cam kết"",""subject"":{""text"":""Ứng dụng Digibank"",""resolution"":""combined""},""substeps"":[{""step_key"":""4bd1665e5b10:199"",""quote"":""4/ Gọi bank đối chiếu KH đã thu thập sinh trắc học"",""operation"":null,""object_labels"":[]}],""members"":[{""id"":""vcb_mobile"",""name"":""VCB Digibank Mobile"",""tier"":""client"",""description"":""Giao diện ứng dụng mobile cho khách hàng""},{""id"":""vcb_server"",""name"":""VCB Digibank Server"",""tier"":""server"",""description"":""Xử lý nghiệp vụ giao dịch và điều phối các hệ thống liên quan""}],""hints"":{}}",vcb_server,verb,false,needs_domain_review
T15-200,dev,"{""row_text"":""4/ Gọi bank kiểm tra KH đã thu thập sinh trắc học"",""subject"":{""text"":""Ứng dụng Digibank"",""resolution"":""combined""},""substeps"":[{""step_key"":""4bd1665e5b10:200"",""quote"":""4/ Gọi bank kiểm tra KH đã thu thập sinh trắc học"",""operation"":null,""object_labels"":[]}],""members"":[{""id"":""vcb_mobile"",""name"":""VCB Digibank Mobile"",""tier"":""client"",""description"":""Giao diện ứng dụng mobile cho khách hàng""},{""id"":""vcb_server"",""name"":""VCB Digibank Server"",""tier"":""server"",""description"":""Xử lý nghiệp vụ giao dịch và điều phối các hệ thống liên quan""}],""hints"":{}}",vcb_server,verb,false,needs_domain_review
